id,premise,claim,label,label_name,source
HALU_G_1,Context: Arthur's Magazine (1844–1846) was an American literary periodical published in Philadelphia in the 19th century.First for Women is a woman's magazine published by Bauer Media Group in the USA. Question: Which magazine was started first Arthur's Magazine or First for Women?,Arthur's Magazine,0,Grounded / Supported,HaluEval (EMNLP 2023)
HALU_H_1,Context: Arthur's Magazine (1844–1846) was an American literary periodical published in Philadelphia in the 19th century.First for Women is a woman's magazine published by Bauer Media Group in the USA. Question: Which magazine was started first Arthur's Magazine or First for Women?,First for Women was started first.,1,Hallucinated / Contradiction,HaluEval (EMNLP 2023)
HALU_G_2,"Context: The Oberoi family is an Indian family that is famous for its involvement in hotels, namely through The Oberoi Group.The Oberoi Group is a hotel company with its head office in Delhi. Question: The Oberoi family is part of a hotel company that has a head office in what city?",Delhi,0,Grounded / Supported,HaluEval (EMNLP 2023)
HALU_H_2,"Context: The Oberoi family is an Indian family that is famous for its involvement in hotels, namely through The Oberoi Group.The Oberoi Group is a hotel company with its head office in Delhi. Question: The Oberoi family is part of a hotel company that has a head office in what city?",The Oberoi family's hotel company is based in Mumbai.,1,Hallucinated / Contradiction,HaluEval (EMNLP 2023)
HALU_G_3,"Context: Allison Beth ""Allie"" Goertz (born March 2, 1991) is an American musician. Goertz is known for her satirical songs based on various pop culture topics. Her videos are posted on YouTube under the name of Cossbysweater.Milhouse Mussolini van Houten is a fictional character featured in the animated television series ""The Simpsons"", voiced by P",President Richard Nixon,0,Grounded / Supported,HaluEval (EMNLP 2023)
HALU_H_3,"Context: Allison Beth ""Allie"" Goertz (born March 2, 1991) is an American musician. Goertz is known for her satirical songs based on various pop culture topics. Her videos are posted on YouTube under the name of Cossbysweater.Milhouse Mussolini van Houten is a fictional character featured in the animated television series ""The Simpsons"", voiced by P","Allie Goertz wrote a song about Milhouse, a popular TV character, named after an influential political figure.",1,Hallucinated / Contradiction,HaluEval (EMNLP 2023)
HALU_G_4,"Context: Margaret ""Peggy"" Seeger (born June 17, 1935) is an American folksinger. She is also well known in Britain, where she has lived for more than 30 years, and was married to the singer and songwriter Ewan MacColl until his death in 1989.James Henry Miller (25 January 1915 – 22 October 1989), better known by his stage name Ewan MacColl, was an ",American,0,Grounded / Supported,HaluEval (EMNLP 2023)
HALU_H_4,"Context: Margaret ""Peggy"" Seeger (born June 17, 1935) is an American folksinger. She is also well known in Britain, where she has lived for more than 30 years, and was married to the singer and songwriter Ewan MacColl until his death in 1989.James Henry Miller (25 January 1915 – 22 October 1989), better known by his stage name Ewan MacColl, was an ",James Henry Miller's wife was British.,1,Hallucinated / Contradiction,HaluEval (EMNLP 2023)
HALU_G_5,"Context: It is a hygroscopic solid that is highly soluble in water and slightly soluble in alcohol.Ethanol, also called alcohol, ethyl alcohol, and drinking alcohol, is a compound and simple alcohol with the chemical formula C2H5OH . Question: Cadmium Chloride is slightly soluble in this chemical, it is also called what?",alcohol,0,Grounded / Supported,HaluEval (EMNLP 2023)
HALU_H_5,"Context: It is a hygroscopic solid that is highly soluble in water and slightly soluble in alcohol.Ethanol, also called alcohol, ethyl alcohol, and drinking alcohol, is a compound and simple alcohol with the chemical formula C2H5OH . Question: Cadmium Chloride is slightly soluble in this chemical, it is also called what?",water with a hint of alcohol,1,Hallucinated / Contradiction,HaluEval (EMNLP 2023)
HALU_G_6,"Context: Jonathan Stark (born April 3, 1971) is a former professional tennis player from the United States. During his career he won two Grand Slam doubles titles (the 1994 French Open Men's Doubles and the 1995 Wimbledon Championships Mixed Doubles). He reached the men's singles final at the French Open in 1988, won the French Open men's doubles t",Jonathan Stark,0,Grounded / Supported,HaluEval (EMNLP 2023)
HALU_H_6,"Context: Jonathan Stark (born April 3, 1971) is a former professional tennis player from the United States. During his career he won two Grand Slam doubles titles (the 1994 French Open Men's Doubles and the 1995 Wimbledon Championships Mixed Doubles). He reached the men's singles final at the French Open in 1988, won the French Open men's doubles t",Henri Leconte won more Grand Slam titles.,1,Hallucinated / Contradiction,HaluEval (EMNLP 2023)
HALU_G_7,"Context: Indogrammodes is a genus of moths of the Crambidae family. It contains only one species, Indogrammodes pectinicornalis, which is found in India.India, officially the Republic of India (""Bhārat Gaṇarājya""), is a country in South Asia. It is the seventh-largest country by area, the second-most populous country (with over 1.2 billion people),",Crambidae,0,Grounded / Supported,HaluEval (EMNLP 2023)
HALU_H_7,"Context: Indogrammodes is a genus of moths of the Crambidae family. It contains only one species, Indogrammodes pectinicornalis, which is found in India.India, officially the Republic of India (""Bhārat Gaṇarājya""), is a country in South Asia. It is the seventh-largest country by area, the second-most populous country (with over 1.2 billion people),",The Indogrammodes genus of moths found in India has only one species.,1,Hallucinated / Contradiction,HaluEval (EMNLP 2023)
HALU_G_8,"Context: Fighters from around world on the roster include Badr Hari, Peter Aerts, Peter Graham, Dewey Cooper, Zabit Samedov. It was considered as one of the biggest kickboxing and MMA promotion in Middle East.Badr Hari (Arabic: بدر هاري‎ ‎ ; born 8 December 1984) is a Moroccan-Dutch super heavyweight kickboxer from Amsterdam, fighting out of Mike's",Badr Hari,0,Grounded / Supported,HaluEval (EMNLP 2023)
HALU_H_8,"Context: Fighters from around world on the roster include Badr Hari, Peter Aerts, Peter Graham, Dewey Cooper, Zabit Samedov. It was considered as one of the biggest kickboxing and MMA promotion in Middle East.Badr Hari (Arabic: بدر هاري‎ ‎ ; born 8 December 1984) is a Moroccan-Dutch super heavyweight kickboxer from Amsterdam, fighting out of Mike's",Badr Hari is a notorious kickboxer.,1,Hallucinated / Contradiction,HaluEval (EMNLP 2023)
HALU_G_9,"Context: House of Anubis is a mystery television series developed for Nickelodeon based on the Dutch-Belgian television series ""Het Huis Anubis"". It first aired in September 2006 and the last episode was broadcast on December 4, 2009. Question: The Dutch-Belgian television series that ""House of Anubis"" was based on first aired in what year?",2006,0,Grounded / Supported,HaluEval (EMNLP 2023)
HALU_H_9,"Context: House of Anubis is a mystery television series developed for Nickelodeon based on the Dutch-Belgian television series ""Het Huis Anubis"". It first aired in September 2006 and the last episode was broadcast on December 4, 2009. Question: The Dutch-Belgian television series that ""House of Anubis"" was based on first aired in what year?","The inspiration for ""House of Anubis"" first aired in 2003.",1,Hallucinated / Contradiction,HaluEval (EMNLP 2023)
HALU_G_10,"Context: The 2013 Liqui Moly Bathurst 12 Hour was an endurance race for a variety of GT and touring car classes, including: GT3 cars, GT4 cars, Group 3E Series Production Cars and Dubai 24 Hour cars. The event, which was staged at the Mount Panorama Circuit, near Bathurst, in New South Wales, Australia on 10 February 2013, was the eleventh running ",6.213 km long,0,Grounded / Supported,HaluEval (EMNLP 2023)
HALU_H_10,"Context: The 2013 Liqui Moly Bathurst 12 Hour was an endurance race for a variety of GT and touring car classes, including: GT3 cars, GT4 cars, Group 3E Series Production Cars and Dubai 24 Hour cars. The event, which was staged at the Mount Panorama Circuit, near Bathurst, in New South Wales, Australia on 10 February 2013, was the eleventh running ",The Mount Panorama Circuit track is longer than 7 km.,1,Hallucinated / Contradiction,HaluEval (EMNLP 2023)
HALU_G_11,"Context: Vocals are handled by Aesop Rock, with guest appearances from Camu Tao and Metro of S.A. Smash and Definitive Jux label head El-P.Jaime Meline (born March 2, 1975), better known by his stage name El-P (shortened from El Producto), is an American hip hop recording artist, record producer, and record executive. Question: Fast Cars, Danger, F",Jaime Meline,0,Grounded / Supported,HaluEval (EMNLP 2023)
HALU_H_11,"Context: Vocals are handled by Aesop Rock, with guest appearances from Camu Tao and Metro of S.A. Smash and Definitive Jux label head El-P.Jaime Meline (born March 2, 1975), better known by his stage name El-P (shortened from El Producto), is an American hip hop recording artist, record producer, and record executive. Question: Fast Cars, Danger, F","Fast Cars, Danger, Fire and Knives includes guest appearances from Russell Simmons.",1,Hallucinated / Contradiction,HaluEval (EMNLP 2023)
HALU_G_12,"Context: Gunmen from Laredo is a 1959 American western film produced and directed by Wallace MacDonald, which stars Robert Knapp, Maureen Hingert, and Walter Coy.Walter Darwin Coy (January 31, 1909 – December 11, 1974) was an American stage, radio, film, and, principally, television actor, originally from Great Falls, Montana. He was best known for",Walter Darwin Coy,0,Grounded / Supported,HaluEval (EMNLP 2023)
HALU_H_12,"Context: Gunmen from Laredo is a 1959 American western film produced and directed by Wallace MacDonald, which stars Robert Knapp, Maureen Hingert, and Walter Coy.Walter Darwin Coy (January 31, 1909 – December 11, 1974) was an American stage, radio, film, and, principally, television actor, originally from Great Falls, Montana. He was best known for","Although Walter Darwin Coy was part of the cast, the narrator of ""Frontier"" was actually Richard Boone.",1,Hallucinated / Contradiction,HaluEval (EMNLP 2023)
HALU_G_13,"Context: Die Rhöner Säuwäntzt are a Skiffle-Bluesband from Eichenzell-Lütter in Hessen, Germany. Originating as a term in the United States in the first half of the 20th century, it became popular again in the UK in the 1950s, where it was associated with artists such as Lonnie Donegan, The Vipers Skiffle Group, Ken Colyer and Chas McDevitt. Questi",United States,0,Grounded / Supported,HaluEval (EMNLP 2023)
HALU_H_13,"Context: Die Rhöner Säuwäntzt are a Skiffle-Bluesband from Eichenzell-Lütter in Hessen, Germany. Originating as a term in the United States in the first half of the 20th century, it became popular again in the UK in the 1950s, where it was associated with artists such as Lonnie Donegan, The Vipers Skiffle Group, Ken Colyer and Chas McDevitt. Questi",The form of music played by Die Rhöner Säuwäntzt originated in the United Kingdom,1,Hallucinated / Contradiction,HaluEval (EMNLP 2023)
HALU_G_14,Context: Smith was named the Most Valuable Player of Super Bowl XLVIII after they defeated the Denver Broncos.Super Bowl XLVIII was an American football game between the American Football Conference (AFC) champion Denver Broncos and National Football Conference (NFC) champion Seattle Seahawks to decide the National Football League (NFL) champion fo,Super Bowl XLVIII,0,Grounded / Supported,HaluEval (EMNLP 2023)
HALU_H_14,Context: Smith was named the Most Valuable Player of Super Bowl XLVIII after they defeated the Denver Broncos.Super Bowl XLVIII was an American football game between the American Football Conference (AFC) champion Denver Broncos and National Football Conference (NFC) champion Seattle Seahawks to decide the National Football League (NFL) champion fo,Malcolm Smith was named Most Valuable Player of the Pro Bowl 2013.,1,Hallucinated / Contradiction,HaluEval (EMNLP 2023)
HALU_G_15,"Context: The nine mile byway starts south of Morehead, Kentucky and can be accessed by U.S. Highway 60.Morehead is a home rule-class city located along US 60 (the historic Midland Trail) and Interstate 64 in Rowan County, Kentucky, in the United States. Question: What U.S Highway gives access to Zilpo Road, and is also known as Midland Trail?",US 60,0,Grounded / Supported,HaluEval (EMNLP 2023)
HALU_H_15,"Context: The nine mile byway starts south of Morehead, Kentucky and can be accessed by U.S. Highway 60.Morehead is a home rule-class city located along US 60 (the historic Midland Trail) and Interstate 64 in Rowan County, Kentucky, in the United States. Question: What U.S Highway gives access to Zilpo Road, and is also known as Midland Trail?","It's actually Zilpo Road that is known as Midland Trail, not US 60.",1,Hallucinated / Contradiction,HaluEval (EMNLP 2023)
HALU_G_16,"Context: The Great Outdoors is a 1988 American comedy film directed by Howard Deutch, and written and produced by John Hughes. It stars Dan Aykroyd, John Candy, Stephanie Faracy and Annette Bening in her film debut.Annette Carol Bening (born May 29, 1958) is an American actress. She is a four-time Academy Award nominee; for ""The Grifters"" (1990), """,2006,0,Grounded / Supported,HaluEval (EMNLP 2023)
HALU_H_16,"Context: The Great Outdoors is a 1988 American comedy film directed by Howard Deutch, and written and produced by John Hughes. It stars Dan Aykroyd, John Candy, Stephanie Faracy and Annette Bening in her film debut.Annette Carol Bening (born May 29, 1958) is an American actress. She is a four-time Academy Award nominee; for ""The Grifters"" (1990), """,Annette Bening received her Hollywood star in 1988.,1,Hallucinated / Contradiction,HaluEval (EMNLP 2023)
HALU_G_17,"Context: The Playbills, which describe the musical as having ""explosions, negligible storytelling, camouflage and tits"", also state that the musical's cast included actors such as Taye Diggs (who would go on to play the role of Hedwig in the summer of 2015) and that the music was written by Metallica and Stephen R. Schwartz, which is the real name ","Hetfield and Ulrich, longtime lead guitarist Kirk Hammett, and bassist Robert Trujillo.",0,Grounded / Supported,HaluEval (EMNLP 2023)
HALU_H_17,"Context: The Playbills, which describe the musical as having ""explosions, negligible storytelling, camouflage and tits"", also state that the musical's cast included actors such as Taye Diggs (who would go on to play the role of Hedwig in the summer of 2015) and that the music was written by Metallica and Stephen R. Schwartz, which is the real name ","Lars, Hammett, Burton, Ulrich and Mustaine.",1,Hallucinated / Contradiction,HaluEval (EMNLP 2023)
HALU_G_18,"Context: ""Human Error"" is the twenty-fourth episode and season finale of the third season of ""House"" and the seventieth episode overall.House (also called House, M.D.) is an American television medical drama that originally ran on the Fox network for eight seasons, from November 16, 2004 to May 21, 2012. Question: Human Error"" is the season finale ",Fox,0,Grounded / Supported,HaluEval (EMNLP 2023)
HALU_H_18,"Context: ""Human Error"" is the twenty-fourth episode and season finale of the third season of ""House"" and the seventieth episode overall.House (also called House, M.D.) is an American television medical drama that originally ran on the Fox network for eight seasons, from November 16, 2004 to May 21, 2012. Question: Human Error"" is the season finale ","""Human Error"" was actually the season finale of the fourth season of ""House"" and aired on NBC.",1,Hallucinated / Contradiction,HaluEval (EMNLP 2023)
HALU_G_19,"Context: Her self-titled debut studio album was released on 2 June 2017.""New Rules"" is a song by English singer Dua Lipa from her eponymous debut studio album (2017). Question: Dua Lipa, an English singer, songwriter and model, the album spawned the number-one single ""New Rules"" is a song by English singer Dua Lipa from her eponymous debut studio a",2017,0,Grounded / Supported,HaluEval (EMNLP 2023)
HALU_H_19,"Context: Her self-titled debut studio album was released on 2 June 2017.""New Rules"" is a song by English singer Dua Lipa from her eponymous debut studio album (2017). Question: Dua Lipa, an English singer, songwriter and model, the album spawned the number-one single ""New Rules"" is a song by English singer Dua Lipa from her eponymous debut studio a",The album was released in 2018.,1,Hallucinated / Contradiction,HaluEval (EMNLP 2023)
HALU_G_20,"Context: Joseph John “Joe” Heck (born October 30, 1961) is an American politician, physician, and U.S. Army Brigadier General who had served as the U.S. Representative for Nevada's 3rd congressional district from 2011 to 2017. He ran unsuccessfully against Democrat Catherine Cortez Masto in the general election for the open Nevada United States Sen",Nevada,0,Grounded / Supported,HaluEval (EMNLP 2023)
HALU_H_20,"Context: Joseph John “Joe” Heck (born October 30, 1961) is an American politician, physician, and U.S. Army Brigadier General who had served as the U.S. Representative for Nevada's 3rd congressional district from 2011 to 2017. He ran unsuccessfully against Democrat Catherine Cortez Masto in the general election for the open Nevada United States Sen",Cortez Masto was the 32nd Attorney General of Wyoming.,1,Hallucinated / Contradiction,HaluEval (EMNLP 2023)
HALU_G_21,"Context: Warren Bryant was the CEO of Longs Drugs Store Corporation out of California prior to the retail chain's acquisition by CVS/Caremark.Longs Drugs is an American chain with approximately 40 drug stores throughout the state of Hawaii. Question: Which state does the drug stores, of which the CEO is Warren Bryant, are located?",Hawaii,0,Grounded / Supported,HaluEval (EMNLP 2023)
HALU_H_21,"Context: Warren Bryant was the CEO of Longs Drugs Store Corporation out of California prior to the retail chain's acquisition by CVS/Caremark.Longs Drugs is an American chain with approximately 40 drug stores throughout the state of Hawaii. Question: Which state does the drug stores, of which the CEO is Warren Bryant, are located?",The drug stores in which Warren Bryant was the CEO are located in Utah.,1,Hallucinated / Contradiction,HaluEval (EMNLP 2023)
HALU_G_22,"Context: Donahue replaced Kelli Ward who resigned to run for the United States Senate.Kelli Ward (""née"" Kaznoski; born January 25, 1969) is an American politician and osteopathic physician. Question: Which  American politician did Donahue replaced",Kelli Ward,0,Grounded / Supported,HaluEval (EMNLP 2023)
HALU_H_22,"Context: Donahue replaced Kelli Ward who resigned to run for the United States Senate.Kelli Ward (""née"" Kaznoski; born January 25, 1969) is an American politician and osteopathic physician. Question: Which  American politician did Donahue replaced",Donahue replaced Kelli Ward's position.,1,Hallucinated / Contradiction,HaluEval (EMNLP 2023)
HALU_G_23,"Context: Courtney Michelle Love (born Courtney Michelle Harrison; July 9, 1964) is an American singer, songwriter, actress, and visual artist. She rose to prominence as the frontwoman of the alternative rock band Hole, which she formed in 1989.The Wolfhounds are an indie pop/noise pop band formed in Romford, UK in 1985 by Dave Callahan, Paul Clark,",The Wolfhounds,0,Grounded / Supported,HaluEval (EMNLP 2023)
HALU_H_23,"Context: Courtney Michelle Love (born Courtney Michelle Harrison; July 9, 1964) is an American singer, songwriter, actress, and visual artist. She rose to prominence as the frontwoman of the alternative rock band Hole, which she formed in 1989.The Wolfhounds are an indie pop/noise pop band formed in Romford, UK in 1985 by Dave Callahan, Paul Clark,","Hole, the rock band that Courtney Love was a frontwoman of was founded first.",1,Hallucinated / Contradiction,HaluEval (EMNLP 2023)
HALU_G_24,"Context: Catching Fire is a 2009 science fiction young adult novel by the American novelist Suzanne Collins, the second book in ""The Hunger Games trilogy"". It is written in the voice of 16-year-old Katniss Everdeen, who lives in the future, post-apocalyptic nation of Panem in North America. Question: How old is the female main protagonist of Catchi",16-year-old,0,Grounded / Supported,HaluEval (EMNLP 2023)
HALU_H_24,"Context: Catching Fire is a 2009 science fiction young adult novel by the American novelist Suzanne Collins, the second book in ""The Hunger Games trilogy"". It is written in the voice of 16-year-old Katniss Everdeen, who lives in the future, post-apocalyptic nation of Panem in North America. Question: How old is the female main protagonist of Catchi","17-year-old, just slightly older.",1,Hallucinated / Contradiction,HaluEval (EMNLP 2023)
HALU_G_25,Context: Chang was born when Korea was still under Japanese colonial rule.Korea under Japanese rule began with the end of the short-lived Korean Empire in 1910 and ended at the conclusion of World War II in 1945. Question: Chang Ucchin was born in korea during a time that ended with the conclusion of what?,World War II,0,Grounded / Supported,HaluEval (EMNLP 2023)
HALU_H_25,Context: Chang was born when Korea was still under Japanese colonial rule.Korea under Japanese rule began with the end of the short-lived Korean Empire in 1910 and ended at the conclusion of World War II in 1945. Question: Chang Ucchin was born in korea during a time that ended with the conclusion of what?,Chang was born before the war ended.,1,Hallucinated / Contradiction,HaluEval (EMNLP 2023)
HALU_G_26,"Context: The Quality Cafe (also known as Quality Diner) is a now-defunct diner at 1236 West 7th Street in Los Angeles, California. The restaurant ceased to function as a diner in late 2006 but has appeared as a location featured in a number of Hollywood films, including ""Training Day"", ""Old School"", ""Se7en"", ""Ghost World"", ""Gone in 60 Seconds"", ""Th",Todd Phillips,0,Grounded / Supported,HaluEval (EMNLP 2023)
HALU_H_26,"Context: The Quality Cafe (also known as Quality Diner) is a now-defunct diner at 1236 West 7th Street in Los Angeles, California. The restaurant ceased to function as a diner in late 2006 but has appeared as a location featured in a number of Hollywood films, including ""Training Day"", ""Old School"", ""Se7en"", ""Ghost World"", ""Gone in 60 Seconds"", ""Th",The director of the 2003 film featuring scenes at Quality Cafe is Kevin Phillips.,1,Hallucinated / Contradiction,HaluEval (EMNLP 2023)
HALU_G_27,"Context: It helped jump start the careers of several young performers including Paul Lynde, Alice Ghostley, Eartha Kitt, Robert Clary, Carol Lawrence, Ronny Graham, performer/writer Mel Brooks (as Melvin Brooks), and lyricist Sheldon Harnick.Carol Lawrence (born September 5, 1932) is an American actress, most often associated with musical theatre, ",Carol Lawrence,0,Grounded / Supported,HaluEval (EMNLP 2023)
HALU_H_27,"Context: It helped jump start the careers of several young performers including Paul Lynde, Alice Ghostley, Eartha Kitt, Robert Clary, Carol Lawrence, Ronny Graham, performer/writer Mel Brooks (as Melvin Brooks), and lyricist Sheldon Harnick.Carol Lawrence (born September 5, 1932) is an American actress, most often associated with musical theatre, ","New Faces of 1952 was responsible for launching the careers of many young performers, including actress Carol Lawrence.",1,Hallucinated / Contradiction,HaluEval (EMNLP 2023)
HALU_G_30,"Context: 750 Seventh Avenue is a 615 ft (187m) tall Class-A office skyscraper in New York City.101 Park Avenue is a 629 ft tall skyscraper in New York City, New York. Question: 750 7th Avenue and 101 Park Avenue, are located in which city?",New York City,0,Grounded / Supported,HaluEval (EMNLP 2023)
HALU_H_30,"Context: 750 Seventh Avenue is a 615 ft (187m) tall Class-A office skyscraper in New York City.101 Park Avenue is a 629 ft tall skyscraper in New York City, New York. Question: 750 7th Avenue and 101 Park Avenue, are located in which city?","750 7th Avenue and 101 Park Avenue are located in Albany, New York.",1,Hallucinated / Contradiction,HaluEval (EMNLP 2023)
HALU_G_31,"Context: Kimberly Ann Hart is a fictitious character in the ""Power Rangers"" universe. Played by actress Amy Jo Johnson during the first three seasons of the show, plus on the two feature films of the franchise, Kimberly has the longest tenure of any female ranger in the series' history, and fourth overall.Power Rangers is an American entertainment ",Amy Jo Johnson,0,Grounded / Supported,HaluEval (EMNLP 2023)
HALU_H_31,"Context: Kimberly Ann Hart is a fictitious character in the ""Power Rangers"" universe. Played by actress Amy Jo Johnson during the first three seasons of the show, plus on the two feature films of the franchise, Kimberly has the longest tenure of any female ranger in the series' history, and fourth overall.Power Rangers is an American entertainment ",Kimberly was played by Amy Johnson.,1,Hallucinated / Contradiction,HaluEval (EMNLP 2023)
HALU_G_32,"Context: Pablo Trapero (Born 4 October 1971) is an Argentine film producer, editor and director.Aleksander Ford (born Mosze Lifszyc; 24 November 1908 in Kiev, Russian Empire – 4 April 1980 in Naples, Florida, United States) was a Polish Jewish film director; and head of the Polish People's Army Film Crew in the Soviet Union during World War II. Que",Aleksander Ford,0,Grounded / Supported,HaluEval (EMNLP 2023)
HALU_H_32,"Context: Pablo Trapero (Born 4 October 1971) is an Argentine film producer, editor and director.Aleksander Ford (born Mosze Lifszyc; 24 November 1908 in Kiev, Russian Empire – 4 April 1980 in Naples, Florida, United States) was a Polish Jewish film director; and head of the Polish People's Army Film Crew in the Soviet Union during World War II. Que",Pablo Trapero was born first.,1,Hallucinated / Contradiction,HaluEval (EMNLP 2023)
HALU_G_33,"Context: Jane was an American magazine created to appeal to the women who grew up reading ""Sassy Magazine""; Jane Pratt was the founding editor of each.First for Women is a woman's magazine published by Bauer Media Group in the USA. Question: Are Jane and First for Women both women's magazines?",yes,0,Grounded / Supported,HaluEval (EMNLP 2023)
HALU_H_33,"Context: Jane was an American magazine created to appeal to the women who grew up reading ""Sassy Magazine""; Jane Pratt was the founding editor of each.First for Women is a woman's magazine published by Bauer Media Group in the USA. Question: Are Jane and First for Women both women's magazines?","While Jane and First for Women are both publications, one is aimed at women while the other is not.",1,Hallucinated / Contradiction,HaluEval (EMNLP 2023)
HALU_G_34,"Context: Nicholas Ray (born Raymond Nicholas Kienzle Jr., August 7, 1911 – June 16, 1979) was an American film director best known for the movie ""Rebel Without a Cause.""Elia Kazan (born Elias Kazantzoglou September 7, 1909 – September 28, 2003) was a Greek-American director, producer, writer and actor, described by ""The New York Times"" as ""one of t",director,0,Grounded / Supported,HaluEval (EMNLP 2023)
HALU_H_34,"Context: Nicholas Ray (born Raymond Nicholas Kienzle Jr., August 7, 1911 – June 16, 1979) was an American film director best known for the movie ""Rebel Without a Cause.""Elia Kazan (born Elias Kazantzoglou September 7, 1909 – September 28, 2003) was a Greek-American director, producer, writer and actor, described by ""The New York Times"" as ""one of t",Nicholas Ray and Elia Kazan both worked in the film industry.,1,Hallucinated / Contradiction,HaluEval (EMNLP 2023)
HALU_G_35,"Context: On April 11, 2013, US based Polaris Industries announced that it had acquired Aixam-Mega. Polaris is based in Roseau, Minnesota, USA. Question: Where is the company that purchased Aixam based in?","Roseau, Minnesota, USA",0,Grounded / Supported,HaluEval (EMNLP 2023)
HALU_H_35,"Context: On April 11, 2013, US based Polaris Industries announced that it had acquired Aixam-Mega. Polaris is based in Roseau, Minnesota, USA. Question: Where is the company that purchased Aixam based in?",Polaris Industries is based in Alaska.,1,Hallucinated / Contradiction,HaluEval (EMNLP 2023)
HALU_G_36,"Context: Adam Clayton Powell is a 1989 American documentary film directed by Richard Kilberg about the civil rights leader.The Saimaa Gesture (Finnish: ""Saimaa-ilmiö"" ) is a 1981 film by Finnish directors Aki and Mika Kaurismäki. It is a documentary of three Finnish rock groups aboard the steamboat SS Heinävesi on their tour around Lake Saimaa. Que",The Saimaa Gesture,0,Grounded / Supported,HaluEval (EMNLP 2023)
HALU_H_36,"Context: Adam Clayton Powell is a 1989 American documentary film directed by Richard Kilberg about the civil rights leader.The Saimaa Gesture (Finnish: ""Saimaa-ilmiö"" ) is a 1981 film by Finnish directors Aki and Mika Kaurismäki. It is a documentary of three Finnish rock groups aboard the steamboat SS Heinävesi on their tour around Lake Saimaa. Que",Adam Clayton Powell is about civil rights leader.,1,Hallucinated / Contradiction,HaluEval (EMNLP 2023)
HALU_G_37,"Context: Cia Berg (born 2 December 1963), now known as Cia Soro, is a Swedish television presenter and singer. She was at one time the lead singer of the Swedish rock band Whale, who released the single ""Hobo Humpin' Slobo Babe"".David Lee Roth (born October 10, 1954) is an American rock vocalist, musician, songwriter, actor, author, and former radi",David Lee Roth,0,Grounded / Supported,HaluEval (EMNLP 2023)
HALU_H_37,"Context: Cia Berg (born 2 December 1963), now known as Cia Soro, is a Swedish television presenter and singer. She was at one time the lead singer of the Swedish rock band Whale, who released the single ""Hobo Humpin' Slobo Babe"".David Lee Roth (born October 10, 1954) is an American rock vocalist, musician, songwriter, actor, author, and former radi",Cia Berg was inducted into the Rock and Roll Hall of Fame.,1,Hallucinated / Contradiction,HaluEval (EMNLP 2023)
HALU_G_38,"Context: It has a sister school in Carle Place, New York, United States.Carle Place Middle/High School is a six-year comprehensive public high school located in the hamlet of Carle Place in Nassau County, New York. Question: Zimbabwe's Guwe Secondary School has a sister school in what New York cunty?",Nassau County,0,Grounded / Supported,HaluEval (EMNLP 2023)
HALU_H_38,"Context: It has a sister school in Carle Place, New York, United States.Carle Place Middle/High School is a six-year comprehensive public high school located in the hamlet of Carle Place in Nassau County, New York. Question: Zimbabwe's Guwe Secondary School has a sister school in what New York cunty?",Suffolk County is the sister school's location.,1,Hallucinated / Contradiction,HaluEval (EMNLP 2023)
HALU_G_39,"Context: The Royal Commission into Drug Trafficking (1977–1979) or Woodward Royal Commission was a royal commission initiated by the New South Wales Government to investigate drug trafficking in New South Wales, Australia, especially links between the Mafia and New South Wales Police and the disappearance of anti-marijuana campaigner Donald Mackay.",Australia,0,Grounded / Supported,HaluEval (EMNLP 2023)
HALU_H_39,"Context: The Royal Commission into Drug Trafficking (1977–1979) or Woodward Royal Commission was a royal commission initiated by the New South Wales Government to investigate drug trafficking in New South Wales, Australia, especially links between the Mafia and New South Wales Police and the disappearance of anti-marijuana campaigner Donald Mackay.","The Honoured Society is a Calabrian 'Ndrangheta criminal confederation, started in Melbourne and currently active in Italy.",1,Hallucinated / Contradiction,HaluEval (EMNLP 2023)
HALU_G_40,"Context: The 337th Flight Test Squadron (337 FLTS) was most recently part of the 46th Test Wing and based at McClellan Air Force Base, California.McClellan Air Force Base (1935–2001) is a former United States Air Force base located in the North Highlands area of Sacramento County, 7 mi northeast of Sacramento, California. Question: The 337th Flight",California,0,Grounded / Supported,HaluEval (EMNLP 2023)
HALU_H_40,"Context: The 337th Flight Test Squadron (337 FLTS) was most recently part of the 46th Test Wing and based at McClellan Air Force Base, California.McClellan Air Force Base (1935–2001) is a former United States Air Force base located in the North Highlands area of Sacramento County, 7 mi northeast of Sacramento, California. Question: The 337th Flight","The 337th Flight Test Squadron (337 FLTS) was most recently part of the 46th Test Wing and based at McClellan Air Force Base, which was located near California.",1,Hallucinated / Contradiction,HaluEval (EMNLP 2023)
HALU_G_41,"Context: The Pirna 014 was an axial turbojet designed in East Germany (or the GDR) in the mid- to late 1950s by former Junkers engineers, who were repatriated to East Germany in 1954 after being held in custody in the Soviet Union following World War II.Junkers Flugzeug- und Motorenwerke AG (JFM, earlier JCO or JKO in World War I), more commonly Ju",Dessau,0,Grounded / Supported,HaluEval (EMNLP 2023)
HALU_H_41,"Context: The Pirna 014 was an axial turbojet designed in East Germany (or the GDR) in the mid- to late 1950s by former Junkers engineers, who were repatriated to East Germany in 1954 after being held in custody in the Soviet Union following World War II.Junkers Flugzeug- und Motorenwerke AG (JFM, earlier JCO or JKO in World War I), more commonly Ju",The Pirna 014 was designed by engineers from Junkers in Stuggart.,1,Hallucinated / Contradiction,HaluEval (EMNLP 2023)
HALU_G_42,"Context: The University of Providence (UP) (renamed from University of Great Falls in July 2017), is a private Roman Catholic university located in Great Falls, Montana within the Diocese of Great Falls–Billings. The university is accredited by the Northwest Association of Schools and Colleges.Great Falls is a city in and the county seat of Cascade",Roman Catholic,0,Grounded / Supported,HaluEval (EMNLP 2023)
HALU_H_42,"Context: The University of Providence (UP) (renamed from University of Great Falls in July 2017), is a private Roman Catholic university located in Great Falls, Montana within the Diocese of Great Falls–Billings. The university is accredited by the Northwest Association of Schools and Colleges.Great Falls is a city in and the county seat of Cascade",The University of Providence is of the Lutheran faith.,1,Hallucinated / Contradiction,HaluEval (EMNLP 2023)
HALU_G_43,"Context: Pauline Henry (born 29 January 1961) is a British Jamaican recording artist. She was the vocalist in the Scottish band The Chimes, best known for their 1990 cover version of U2's ""I Still Haven't Found What I'm Looking For"", between 1988 and 1991.""I Still Haven't Found What I'm Looking For"" is a song by Irish rock band U2. It is the second",The Joshua Tree,0,Grounded / Supported,HaluEval (EMNLP 2023)
HALU_H_43,"Context: Pauline Henry (born 29 January 1961) is a British Jamaican recording artist. She was the vocalist in the Scottish band The Chimes, best known for their 1990 cover version of U2's ""I Still Haven't Found What I'm Looking For"", between 1988 and 1991.""I Still Haven't Found What I'm Looking For"" is a song by Irish rock band U2. It is the second","""I Still Haven't Found What I'm Looking For"" belongs to the ""War"" album.",1,Hallucinated / Contradiction,HaluEval (EMNLP 2023)
HALU_G_44,"Context: All tracks were recorded at Tarquin's Jungle Room Studios in New Paltz (village), New York.New Paltz is a village in Ulster County located in the U.S. state of New York. Question: Guitars for Wounded Warriors is an album that was recorded in the village in which New York county?",Ulster County,0,Grounded / Supported,HaluEval (EMNLP 2023)
HALU_H_44,"Context: All tracks were recorded at Tarquin's Jungle Room Studios in New Paltz (village), New York.New Paltz is a village in Ulster County located in the U.S. state of New York. Question: Guitars for Wounded Warriors is an album that was recorded in the village in which New York county?",The Guitars for Wounded Warriors album was recorded in Albany County.,1,Hallucinated / Contradiction,HaluEval (EMNLP 2023)
HALU_G_45,"Context: ""The Battle"" is a song by American country music artist George Jones. Meanwhile, the single ""Golden Ring,"" a duet with his estranged ex-wife Tammy Wynette, became a #1 hit that same year.Tammy Wynette (born Virginia Wynette Pugh; May 5, 1942 – April 6, 1998) was an American country music singer-songwriter and one of country music's best-kn",Tammy Wynette,0,Grounded / Supported,HaluEval (EMNLP 2023)
HALU_H_45,"Context: ""The Battle"" is a song by American country music artist George Jones. Meanwhile, the single ""Golden Ring,"" a duet with his estranged ex-wife Tammy Wynette, became a #1 hit that same year.Tammy Wynette (born Virginia Wynette Pugh; May 5, 1942 – April 6, 1998) was an American country music singer-songwriter and one of country music's best-kn",Tammy Wynette was one of the best-known female country music artists who sang a duet with her ex-husband.,1,Hallucinated / Contradiction,HaluEval (EMNLP 2023)
HALU_G_46,"Context: Sir Francis Nethersole (1587–1659) was an English diplomat, secretary to the Electress Elizabeth, Member of Parliament for Corfe Castle, Dorset, and a Civil War political pamphleteer.Elizabeth Stuart (19 August 1596 – 13 February 1662) was Electress of the Palatinate and briefly Queen of Bohemia as the wife of Frederick V of the Palatinate",Sir Francis Nethersole,0,Grounded / Supported,HaluEval (EMNLP 2023)
HALU_H_46,"Context: Sir Francis Nethersole (1587–1659) was an English diplomat, secretary to the Electress Elizabeth, Member of Parliament for Corfe Castle, Dorset, and a Civil War political pamphleteer.Elizabeth Stuart (19 August 1596 – 13 February 1662) was Electress of the Palatinate and briefly Queen of Bohemia as the wife of Frederick V of the Palatinate",Elizabeth Stuart was born first.,1,Hallucinated / Contradiction,HaluEval (EMNLP 2023)
HALU_G_47,"Context: Hacker-Pschorr is a brewery in Munich, formed in 1972 out of the merger of two breweries, Hacker and Pschorr.The Reinheitsgebot (] , literally ""purity order""), sometimes called the ""German Beer Purity Law"" in English, is the collective name for a series of regulations limiting the ingredients in beer in Germany and the states of the former",ingredients in beer,0,Grounded / Supported,HaluEval (EMNLP 2023)
HALU_H_47,"Context: Hacker-Pschorr is a brewery in Munich, formed in 1972 out of the merger of two breweries, Hacker and Pschorr.The Reinheitsgebot (] , literally ""purity order""), sometimes called the ""German Beer Purity Law"" in English, is the collective name for a series of regulations limiting the ingredients in beer in Germany and the states of the former",Hacker-Pschorr Brewery must limit their beer's purity.,1,Hallucinated / Contradiction,HaluEval (EMNLP 2023)
HALU_G_48,"Context: Associates of PSI include: Mathew Atha, Colin Angus, Brian Barritt, Michael Carmichael, Fraser Clark, Paul Devereux, the late John Entwistle, Paul Flynn MP, Ben Ganly, Lee Harris, Mike Jay, Howard Marks, Dr John Marks, Jonathan Ott, Dr Russell Newcombe, Richard Rudgley and Youth.Dennis Howard Marks (13 August 1945 – 10 April 2016) was a We",Dennis Howard Marks,0,Grounded / Supported,HaluEval (EMNLP 2023)
HALU_H_48,"Context: Associates of PSI include: Mathew Atha, Colin Angus, Brian Barritt, Michael Carmichael, Fraser Clark, Paul Devereux, the late John Entwistle, Paul Flynn MP, Ben Ganly, Lee Harris, Mike Jay, Howard Marks, Dr John Marks, Jonathan Ott, Dr Russell Newcombe, Richard Rudgley and Youth.Dennis Howard Marks (13 August 1945 – 10 April 2016) was a We","The founder of PSI was Welsh, not Marks.",1,Hallucinated / Contradiction,HaluEval (EMNLP 2023)
HALU_G_49,"Context: The Messenger is a 2015 British supernatural mystery horror film directed by David Blair, written by Andrew Kirk and starring Robert Sheehan and Lily Cole.Robert Michael Sheehan (Irish: ""Roibeárd Mícheál Ó Siodhacháin"" ; born 7 January 1988) is an Irish actor. Question: What male actor starred in The Messenger?",Robert Sheehan,0,Grounded / Supported,HaluEval (EMNLP 2023)
HALU_H_49,"Context: The Messenger is a 2015 British supernatural mystery horror film directed by David Blair, written by Andrew Kirk and starring Robert Sheehan and Lily Cole.Robert Michael Sheehan (Irish: ""Roibeárd Mícheál Ó Siodhacháin"" ; born 7 January 1988) is an Irish actor. Question: What male actor starred in The Messenger?",The Messenger starred Michael Sheen.,1,Hallucinated / Contradiction,HaluEval (EMNLP 2023)
HALU_G_51,"Context: Glenn Hughes (born 21 August 1951) is an English rock bassist and vocalist, best known for playing bass and performing vocals for funk rock pioneers Trapeze, the Mk.Ross Shor Lynch (born December 29, 1995) is an American singer, songwriter, and actor. Question: Who is older Glenn Hughes or Ross Lynch?",Glenn Hughes,0,Grounded / Supported,HaluEval (EMNLP 2023)
HALU_H_51,"Context: Glenn Hughes (born 21 August 1951) is an English rock bassist and vocalist, best known for playing bass and performing vocals for funk rock pioneers Trapeze, the Mk.Ross Shor Lynch (born December 29, 1995) is an American singer, songwriter, and actor. Question: Who is older Glenn Hughes or Ross Lynch?",Ross Lynch is the older one.,1,Hallucinated / Contradiction,HaluEval (EMNLP 2023)
HALU_G_52,"Context: ""The Simpsons"" Theme"", also referred to as ""The Simpsons"" Main Title Theme"" in album releases, is the theme music of the animated television series ""The Simpsons"". The theme, as used for the opening sequence, was re-arranged during season 2, and the current arrangement by Alf Clausen was introduced at the beginning of the third season.Alf ","March 28, 1941",0,Grounded / Supported,HaluEval (EMNLP 2023)
HALU_H_52,"Context: ""The Simpsons"" Theme"", also referred to as ""The Simpsons"" Main Title Theme"" in album releases, is the theme music of the animated television series ""The Simpsons"". The theme, as used for the opening sequence, was re-arranged during season 2, and the current arrangement by Alf Clausen was introduced at the beginning of the third season.Alf ","The creator of the current arrangement of the ""Simpson's Theme"" was born in 1941.",1,Hallucinated / Contradiction,HaluEval (EMNLP 2023)
HALU_G_53,"Context: The Southern Railway (German: ""Südbahn"" ) is a railway in Austria that runs from Vienna to Graz and the border with Slovenia at Spielfeld via Semmering and Bruck an der Mur.The Semmering railway (German: ""Semmeringbahn"" ) in Austria, which starts at Gloggnitz and leads over the Semmering to Mürzzuschlag was the first mountain railway in Eu",standard gauge track,0,Grounded / Supported,HaluEval (EMNLP 2023)
HALU_H_53,"Context: The Southern Railway (German: ""Südbahn"" ) is a railway in Austria that runs from Vienna to Graz and the border with Slovenia at Spielfeld via Semmering and Bruck an der Mur.The Semmering railway (German: ""Semmeringbahn"" ) in Austria, which starts at Gloggnitz and leads over the Semmering to Mürzzuschlag was the first mountain railway in Eu",The Southern Railway runs on broad gauge track.,1,Hallucinated / Contradiction,HaluEval (EMNLP 2023)
HALU_G_54,"Context: Nixon received an Emmy Award and a Screen Actors Guild Award for her performance. She is known for her portrayal of Miranda Hobbes in the HBO series, ""Sex and the City"" (1998–2004), for which she won the 2004 Primetime Emmy Award for Outstanding Supporting Actress in a Comedy Series. Question: In what show did Cynthia Nixon receive the 200",Sex and the City,0,Grounded / Supported,HaluEval (EMNLP 2023)
HALU_H_54,"Context: Nixon received an Emmy Award and a Screen Actors Guild Award for her performance. She is known for her portrayal of Miranda Hobbes in the HBO series, ""Sex and the City"" (1998–2004), for which she won the 2004 Primetime Emmy Award for Outstanding Supporting Actress in a Comedy Series. Question: In what show did Cynthia Nixon receive the 200","Cynthia Nixon received her awards for her performance in ""Modern Family.""",1,Hallucinated / Contradiction,HaluEval (EMNLP 2023)
HALU_G_55,"Context: Kato (加藤) is a fictional character from ""The Green Hornet"" series. Keye Luke took the role in the movie serials, and in the television series he was portrayed by Bruce Lee.Lee Jun-fan (; November 27, 1940 – July 20, 1973), known professionally as Bruce Lee, was a Hong Kong and American actor, film director, martial artist, martial arts ins",Kato,0,Grounded / Supported,HaluEval (EMNLP 2023)
HALU_H_55,"Context: Kato (加藤) is a fictional character from ""The Green Hornet"" series. Keye Luke took the role in the movie serials, and in the television series he was portrayed by Bruce Lee.Lee Jun-fan (; November 27, 1940 – July 20, 1973), known professionally as Bruce Lee, was a Hong Kong and American actor, film director, martial artist, martial arts ins","Bruce Lee played the main character in ""The Green Hornet"" television series.",1,Hallucinated / Contradiction,HaluEval (EMNLP 2023)
HALU_G_56,"Context: Their Goodison Park home hosted the drawn semi final between Wednesday and Bolton Wanderers.Goodison Park is a football stadium located in Walton, Liverpool, England. Question: The 1895/96 Football League season was the eighth in Football League history with Everton, their Goodison Park home, is a football stadium located in Walton, Liverp",England,0,Grounded / Supported,HaluEval (EMNLP 2023)
HALU_H_56,"Context: Their Goodison Park home hosted the drawn semi final between Wednesday and Bolton Wanderers.Goodison Park is a football stadium located in Walton, Liverpool, England. Question: The 1895/96 Football League season was the eighth in Football League history with Everton, their Goodison Park home, is a football stadium located in Walton, Liverp","Everton, their Goodison Park home, is a football stadium located in Walton, Liverpool, in the United Kingdom.",1,Hallucinated / Contradiction,HaluEval (EMNLP 2023)
HALU_G_57,"Context: The A Head Full of Dreams Tour is the seventh concert tour currently being undertaken by British alternative rock band Coldplay, launched in support of their namesake seventh studio album ""A Head Full of Dreams"". The first show of the tour was held at the Estadio Ciudad de La Plata in La Plata, Argentina, on 31 March 2016 and is set to con",Province of Buenos Aires,0,Grounded / Supported,HaluEval (EMNLP 2023)
HALU_H_57,"Context: The A Head Full of Dreams Tour is the seventh concert tour currently being undertaken by British alternative rock band Coldplay, launched in support of their namesake seventh studio album ""A Head Full of Dreams"". The first show of the tour was held at the Estadio Ciudad de La Plata in La Plata, Argentina, on 31 March 2016 and is set to con",The A Head Full of Dreams Tour is the seventh tour by Coldplay and held its first show on an island in the Pacific Ocean owned by the band members.,1,Hallucinated / Contradiction,HaluEval (EMNLP 2023)
HALU_G_58,"Context: He wrote the screenplays for ""Silent Hill"" and ""Beowulf"".Beowulf is a 2007 British-American 3D motion capture epic fantasy film directed by Robert Zemeckis and written by Neil Gaiman and Roger Avary, based on the Old English epic poem of the same name. Question: Roger Avary (born August 23, 1965) is a Canadian film and television producer,",Robert Zemeckis,0,Grounded / Supported,HaluEval (EMNLP 2023)
HALU_H_58,"Context: He wrote the screenplays for ""Silent Hill"" and ""Beowulf"".Beowulf is a 2007 British-American 3D motion capture epic fantasy film directed by Robert Zemeckis and written by Neil Gaiman and Roger Avary, based on the Old English epic poem of the same name. Question: Roger Avary (born August 23, 1965) is a Canadian film and television producer,",Neil Gaiman directed Beowulf.,1,Hallucinated / Contradiction,HaluEval (EMNLP 2023)
HALU_G_59,"Context: Hat Check Girl is a 1932 American Pre-Code comedy film directed by Sidney Lanfield and written by Barry Conners and Philip Klein. The film stars Sally Eilers, Ben Lyon, Ginger Rogers and Monroe Owsley.Ginger Rogers (born Virginia Katherine McMath; July 16, 1911 – April 25, 1995) was an American actress, dancer, and singer, widely known for",1932,0,Grounded / Supported,HaluEval (EMNLP 2023)
HALU_H_59,"Context: Hat Check Girl is a 1932 American Pre-Code comedy film directed by Sidney Lanfield and written by Barry Conners and Philip Klein. The film stars Sally Eilers, Ben Lyon, Ginger Rogers and Monroe Owsley.Ginger Rogers (born Virginia Katherine McMath; July 16, 1911 – April 25, 1995) was an American actress, dancer, and singer, widely known for",The film was released in 1938.,1,Hallucinated / Contradiction,HaluEval (EMNLP 2023)
HALU_G_60,"Context: ""Just the Two of Us"" is a 1981 R&B single written by Bill Withers, William Salter and Ralph MacDonald, which was recorded by Grover Washington Jr. and Bill Withers. An edited version reached number two on the ""Billboard"" Hot 100, staying there for 3 weeks, behind ""Morning Train (9 to 5)"" by Sheena Easton and ""Bette Davis Eyes"" by Kim Carne",nine,0,Grounded / Supported,HaluEval (EMNLP 2023)
HALU_H_60,"Context: ""Just the Two of Us"" is a 1981 R&B single written by Bill Withers, William Salter and Ralph MacDonald, which was recorded by Grover Washington Jr. and Bill Withers. An edited version reached number two on the ""Billboard"" Hot 100, staying there for 3 weeks, behind ""Morning Train (9 to 5)"" by Sheena Easton and ""Bette Davis Eyes"" by Kim Carne","The song that ""Just the Two of Us"" lost to spent ten weeks at No. 1 on the ""Billboard"" Hot 100.",1,Hallucinated / Contradiction,HaluEval (EMNLP 2023)
HALU_G_61,"Context: Saint Motel is an American indie pop band from Los Angeles, whose music has been described as everything from ""dream pop"" to ""indie prog"". The band consists of A/J Jackson (lead vocals, guitar, piano), Aaron Sharp (lead guitar), Dak Lerdamornpong (bass), and Greg Erwin (drums). The band consisted of Toni Halliday (vocals, occasionally guit",Saint Motel,0,Grounded / Supported,HaluEval (EMNLP 2023)
HALU_H_61,"Context: Saint Motel is an American indie pop band from Los Angeles, whose music has been described as everything from ""dream pop"" to ""indie prog"". The band consists of A/J Jackson (lead vocals, guitar, piano), Aaron Sharp (lead guitar), Dak Lerdamornpong (bass), and Greg Erwin (drums). The band consisted of Toni Halliday (vocals, occasionally guit",Curve has no more members.,1,Hallucinated / Contradiction,HaluEval (EMNLP 2023)
HALU_G_62,"Context: ""Funnybot"" premiered in the United States on Comedy Central on May 4, 2011, the first time a ""South Park"" episode has aired in May since season 10's ""Tsst"" in 2006.The tenth season of ""South Park"", an American animated television series created by Trey Parker and Matt Stone, began airing on March 22, 2006. Question: ""Funnybot"" is the secon",South Park,0,Grounded / Supported,HaluEval (EMNLP 2023)
HALU_H_62,"Context: ""Funnybot"" premiered in the United States on Comedy Central on May 4, 2011, the first time a ""South Park"" episode has aired in May since season 10's ""Tsst"" in 2006.The tenth season of ""South Park"", an American animated television series created by Trey Parker and Matt Stone, began airing on March 22, 2006. Question: ""Funnybot"" is the secon","""Funnybot"" is the third episode of the fifteenth season of ""American Dad,"" created by Seth MacFarlane.",1,Hallucinated / Contradiction,HaluEval (EMNLP 2023)
HALU_G_63,"Context: Boston College (also referred to as BC) is a private Jesuit Catholic research university located in the affluent village of Chestnut Hill, Massachusetts, United States, 6 mi west of downtown Boston.Stanford University (Stanford; officially Leland Stanford Junior University, colloquially the Farm) is a private research university in Stanfor",Boston College,0,Grounded / Supported,HaluEval (EMNLP 2023)
HALU_H_63,"Context: Boston College (also referred to as BC) is a private Jesuit Catholic research university located in the affluent village of Chestnut Hill, Massachusetts, United States, 6 mi west of downtown Boston.Stanford University (Stanford; officially Leland Stanford Junior University, colloquially the Farm) is a private research university in Stanfor",Stanford University has a Chestnut Hill campus.,1,Hallucinated / Contradiction,HaluEval (EMNLP 2023)
HALU_G_64,"Context: Samson and Delilah is a 1984 television film adaptation of the biblical story of Samson and Delilah, starring Max von Sydow, Belinda Bauer, Antony Hamilton, Daniel Stern and Victor Mature.Victor John Mature (January 29, 1913 – August 4, 1999) was an American stage, film, and television actor who starred most notably in several Biblical mov",Victor John Mature,0,Grounded / Supported,HaluEval (EMNLP 2023)
HALU_H_64,"Context: Samson and Delilah is a 1984 television film adaptation of the biblical story of Samson and Delilah, starring Max von Sydow, Belinda Bauer, Antony Hamilton, Daniel Stern and Victor Mature.Victor John Mature (January 29, 1913 – August 4, 1999) was an American stage, film, and television actor who starred most notably in several Biblical mov","The actor who played Samson in the 1949 film ""Samson and Delilah"" was an Englishman named Charles Laughton.",1,Hallucinated / Contradiction,HaluEval (EMNLP 2023)
HALU_G_65,"Context: Iqaluit Airport (IATA: YFB, ICAO: CYFB) serves Iqaluit, Nunavut, Canada and is located adjacent to the town.Canadian North Inc. is an airline headquartered in Calgary, Alberta, Canada. Question: Iqaluit Airport and Canadian North are based out of what country?",Canada,0,Grounded / Supported,HaluEval (EMNLP 2023)
HALU_H_65,"Context: Iqaluit Airport (IATA: YFB, ICAO: CYFB) serves Iqaluit, Nunavut, Canada and is located adjacent to the town.Canadian North Inc. is an airline headquartered in Calgary, Alberta, Canada. Question: Iqaluit Airport and Canadian North are based out of what country?",Canadian North is based out of Canada.,1,Hallucinated / Contradiction,HaluEval (EMNLP 2023)
HALU_G_66,"Context: The Royal Spa Centre is a Theatre in Leamington Spa, England. The Centre was officially opened on 15 June 1972 by Anthony Eden, one time MP for Leamington and Warwick and Prime Minister of the UK.Robert Anthony Eden, 1st Earl of Avon, (12 June 1897 – 14 January 1977) was a British Conservative politician who served three periods as Foreign",Conservative,0,Grounded / Supported,HaluEval (EMNLP 2023)
HALU_H_66,"Context: The Royal Spa Centre is a Theatre in Leamington Spa, England. The Centre was officially opened on 15 June 1972 by Anthony Eden, one time MP for Leamington and Warwick and Prime Minister of the UK.Robert Anthony Eden, 1st Earl of Avon, (12 June 1897 – 14 January 1977) was a British Conservative politician who served three periods as Foreign",The man who opened the Royal Spa Centre in 1972 was a member of the Labour Party.,1,Hallucinated / Contradiction,HaluEval (EMNLP 2023)
HALU_G_67,"Context: Sooni Taraporevala (born 1957) is an Indian screenwriter, photographer and filmmaker who is best known as the screenwriter of ""Mississippi Masala"", ""The Namesake"" and Oscar-nominated ""Salaam Bombay"" (1988), all directed by Mira Nair.Mississippi Masala is a 1991 romantic drama film directed by Mira Nair, based upon a screenplay by Sooni Tar",Salaam Bombay,0,Grounded / Supported,HaluEval (EMNLP 2023)
HALU_H_67,"Context: Sooni Taraporevala (born 1957) is an Indian screenwriter, photographer and filmmaker who is best known as the screenwriter of ""Mississippi Masala"", ""The Namesake"" and Oscar-nominated ""Salaam Bombay"" (1988), all directed by Mira Nair.Mississippi Masala is a 1991 romantic drama film directed by Mira Nair, based upon a screenplay by Sooni Tar",The Namesake,1,Hallucinated / Contradiction,HaluEval (EMNLP 2023)
HALU_G_68,"Context: Timothy James ""Tim"" McIlrath (born November 3, 1978) is an American punk rock musician.Spike Slawson is an American punk rock musician, a member of Me First and the Gimme Gimmes, Swingin' Utters, Filthy Thievin' Bastards, Re-Volts, and Uke-Hunt. Question: Are both Tim McIlrath and Spike Slawson American punk rock musicians?",yes,0,Grounded / Supported,HaluEval (EMNLP 2023)
HALU_H_68,"Context: Timothy James ""Tim"" McIlrath (born November 3, 1978) is an American punk rock musician.Spike Slawson is an American punk rock musician, a member of Me First and the Gimme Gimmes, Swingin' Utters, Filthy Thievin' Bastards, Re-Volts, and Uke-Hunt. Question: Are both Tim McIlrath and Spike Slawson American punk rock musicians?","Tim McIlrath and Spike Slawson are both musicians, but only one is an American punk rock musician.",1,Hallucinated / Contradiction,HaluEval (EMNLP 2023)
HALU_G_69,"Context: Gigantic is a 2008 independent comedy film directed by Matt Aselton and starring Paul Dano, Zooey Deschanel, John Goodman, Edward Asner and Jane Alexander. Early in his career, he was best known for playing Dan Conner on the ABC TV series ""Roseanne"" (1988–1997), for which he won a Golden Globe Award for Best Actor in 1993. Question: The Go",Zooey Deschanel,0,Grounded / Supported,HaluEval (EMNLP 2023)
HALU_H_69,"Context: Gigantic is a 2008 independent comedy film directed by Matt Aselton and starring Paul Dano, Zooey Deschanel, John Goodman, Edward Asner and Jane Alexander. Early in his career, he was best known for playing Dan Conner on the ABC TV series ""Roseanne"" (1988–1997), for which he won a Golden Globe Award for Best Actor in 1993. Question: The Go",John Goodman starred in Gigantic.,1,Hallucinated / Contradiction,HaluEval (EMNLP 2023)
HALU_G_71,"Context: Following the poor chart performance, ""I Got a Thang for You"" featuring Keyshia Cole, was released as the album's second single.Keyshia Cole (born October 15, 1981) is an American singer/songwriter, record producer, business woman, and television personality. Question: Still Da Baddest is the fourth studio album by American rapper Trina, f",Keyshia Cole,0,Grounded / Supported,HaluEval (EMNLP 2023)
HALU_H_71,"Context: Following the poor chart performance, ""I Got a Thang for You"" featuring Keyshia Cole, was released as the album's second single.Keyshia Cole (born October 15, 1981) is an American singer/songwriter, record producer, business woman, and television personality. Question: Still Da Baddest is the fourth studio album by American rapper Trina, f","""I Got a Thang for You"" featured Rihanna.",1,Hallucinated / Contradiction,HaluEval (EMNLP 2023)
HALU_G_72,"Context: Am Rong (1929 – May 1975) was a Cambodian soldier and filmmaker, who acted as a spokesman on military matters for the Khmer Republic during the Cambodian Civil War. His father was also an actor and filmmaker. Question: What profession does Am Rong and Alexandre Rockwell have in common?",filmmaker,0,Grounded / Supported,HaluEval (EMNLP 2023)
HALU_H_72,"Context: Am Rong (1929 – May 1975) was a Cambodian soldier and filmmaker, who acted as a spokesman on military matters for the Khmer Republic during the Cambodian Civil War. His father was also an actor and filmmaker. Question: What profession does Am Rong and Alexandre Rockwell have in common?",Alexandre Rockwell and Am Rong are not in the same profession.,1,Hallucinated / Contradiction,HaluEval (EMNLP 2023)
HALU_G_73,"Context: El Nuevo Cojo Ilustrado is an American online Spanish language magazine published from Los Angeles, California. Originally it was an arts and opinion magazine focused exclusively on Venezuelan culture for Venezuelans living in the United States.Golf Magazine is a monthly golf magazine owned by ""Time Inc."" It was started in April, 1959 by U",Golf Magazine,0,Grounded / Supported,HaluEval (EMNLP 2023)
HALU_H_73,"Context: El Nuevo Cojo Ilustrado is an American online Spanish language magazine published from Los Angeles, California. Originally it was an arts and opinion magazine focused exclusively on Venezuelan culture for Venezuelans living in the United States.Golf Magazine is a monthly golf magazine owned by ""Time Inc."" It was started in April, 1959 by U",El Nuevo Cojo Ilustrado is owned by Time Inc.,1,Hallucinated / Contradiction,HaluEval (EMNLP 2023)
HALU_G_74,"Context: In the episode, Homer starts a bowling team with Moe, Apu, and Otto. When Mr. Burns discovers the team was funded with his money, he insists on joining. He is the school bus driver for Springfield Elementary School. Question: Who funds the bowling team that includes the school bus driver for Springfield Elementary School?",Mr. Burns,0,Grounded / Supported,HaluEval (EMNLP 2023)
HALU_H_74,"Context: In the episode, Homer starts a bowling team with Moe, Apu, and Otto. When Mr. Burns discovers the team was funded with his money, he insists on joining. He is the school bus driver for Springfield Elementary School. Question: Who funds the bowling team that includes the school bus driver for Springfield Elementary School?",The bowling team is self-funded.,1,Hallucinated / Contradiction,HaluEval (EMNLP 2023)
HALU_G_75,"Context: The George Washington University Hospital is located in Washington, D.C. in the United States.MedStar Washington Hospital Center is the largest private hospital in Washington, D.C. A member of MedStar Health, the not-for-profit Hospital Center is licensed for 926 beds. Question: What city are George Washington University Hospital and MedSt","Washington, D.C.",0,Grounded / Supported,HaluEval (EMNLP 2023)
HALU_H_75,"Context: The George Washington University Hospital is located in Washington, D.C. in the United States.MedStar Washington Hospital Center is the largest private hospital in Washington, D.C. A member of MedStar Health, the not-for-profit Hospital Center is licensed for 926 beds. Question: What city are George Washington University Hospital and MedSt",The George Washington University Hospital and MedStar Washington Hospital Center are located in different cities.,1,Hallucinated / Contradiction,HaluEval (EMNLP 2023)
HALU_G_76,"Context: Lauded for his work on the London stage he came to the screen in the groundbreaking HBO series ""Band of Brothers"" playing 1st Lt Norman Dike. Dike was portrayed in the HBO miniseries ""Band of Brothers"" by Peter O'Meara. Question: what is the connection between Peter O'Meara and Norman Dike?",Band of Brothers,0,Grounded / Supported,HaluEval (EMNLP 2023)
HALU_H_76,"Context: Lauded for his work on the London stage he came to the screen in the groundbreaking HBO series ""Band of Brothers"" playing 1st Lt Norman Dike. Dike was portrayed in the HBO miniseries ""Band of Brothers"" by Peter O'Meara. Question: what is the connection between Peter O'Meara and Norman Dike?",Peter O'Meara played Norman Dike's brother.,1,Hallucinated / Contradiction,HaluEval (EMNLP 2023)
HALU_G_77,"Context: Dysteleology is an aggressive, yet optimistic, form of science-oriented atheism originally perhaps associated with Haeckel and his followers, but now perhaps more associated with the type of atheism of Richard Dawkins, Sam Harris, or Christopher Hitchens. He contributed to ""New Statesman"", ""The Nation"", ""The Weekly Standard"", ""The Atlantic",Christopher Hitchens,0,Grounded / Supported,HaluEval (EMNLP 2023)
HALU_H_77,"Context: Dysteleology is an aggressive, yet optimistic, form of science-oriented atheism originally perhaps associated with Haeckel and his followers, but now perhaps more associated with the type of atheism of Richard Dawkins, Sam Harris, or Christopher Hitchens. He contributed to ""New Statesman"", ""The Nation"", ""The Weekly Standard"", ""The Atlantic","Richard Dawkins, a noted atheist.",1,Hallucinated / Contradiction,HaluEval (EMNLP 2023)
HALU_G_78,"Context: R Adams Cowley (July 25, 1917 – October 27, 1991), the ""Father of Trauma Medicine,"" was an American surgeon considered a pioneer in emergency medicine and the treatment of shock trauma. He is also known for being one of the first surgeons to perform open-heart surgery and invented both a surgical clamp that bears his name and a prototype p",R Adams Cowley,0,Grounded / Supported,HaluEval (EMNLP 2023)
HALU_H_78,"Context: R Adams Cowley (July 25, 1917 – October 27, 1991), the ""Father of Trauma Medicine,"" was an American surgeon considered a pioneer in emergency medicine and the treatment of shock trauma. He is also known for being one of the first surgeons to perform open-heart surgery and invented both a surgical clamp that bears his name and a prototype p",R Adams Cowley's surgical clamp was a favorite tool of President Eisenhower.,1,Hallucinated / Contradiction,HaluEval (EMNLP 2023)
HALU_G_79,"Context: Bizarre was a British alternative magazine published from 1997 to 2015. It was published by Dennis Publishing, and was a sister publication to the ""Fortean Times"".Fortean Times is a British monthly magazine devoted to the anomalous phenomena popularised by Charles Fort. Previously published by John Brown Publishing (from 1991 to 2001) and ",Dennis Publishing,0,Grounded / Supported,HaluEval (EMNLP 2023)
HALU_H_79,"Context: Bizarre was a British alternative magazine published from 1997 to 2015. It was published by Dennis Publishing, and was a sister publication to the ""Fortean Times"".Fortean Times is a British monthly magazine devoted to the anomalous phenomena popularised by Charles Fort. Previously published by John Brown Publishing (from 1991 to 2001) and ",John Brown Publishing has published Bizarre and a sister publication devoted to the anomalous phenomena popularised by Charles Fort.,1,Hallucinated / Contradiction,HaluEval (EMNLP 2023)
HALU_G_80,"Context: ""Friends in Low Places"" is a song performed by American country pop artist Garth Brooks. It was released on August 6, 1990 as the lead single from his album ""No Fences"". It was released on August 27, 1990, and reached #1 on ""Billboard's"" Top Country Albums chart. Question: Who performed the lead single on the album Friends in Low Places, N",Garth Brooks,0,Grounded / Supported,HaluEval (EMNLP 2023)
HALU_H_80,"Context: ""Friends in Low Places"" is a song performed by American country pop artist Garth Brooks. It was released on August 6, 1990 as the lead single from his album ""No Fences"". It was released on August 27, 1990, and reached #1 on ""Billboard's"" Top Country Albums chart. Question: Who performed the lead single on the album Friends in Low Places, N","""Friends in Low Places"" was performed by Brooks Garth.",1,Hallucinated / Contradiction,HaluEval (EMNLP 2023)
HALU_G_81,"Context: ""Hate to Feel"" is the tenth track on Alice in Chains' album ""Dirt"" (1992). Peaking at number six on the ""Billboard"" 200, the album was also well received by music critics. Question: Hate to Feel is the tenth track on what Alice in Chains' album that peaked as number six on the Billboard 200?",Dirt,0,Grounded / Supported,HaluEval (EMNLP 2023)
HALU_H_81,"Context: ""Hate to Feel"" is the tenth track on Alice in Chains' album ""Dirt"" (1992). Peaking at number six on the ""Billboard"" 200, the album was also well received by music critics. Question: Hate to Feel is the tenth track on what Alice in Chains' album that peaked as number six on the Billboard 200?",Hate to Feel can be found on Alice in Chains' critically acclaimed self-titled album.,1,Hallucinated / Contradiction,HaluEval (EMNLP 2023)
HALU_G_82,"Context: Portugal. The group consists of John Gourley, Zach Carothers, Kyle O'Quin, Jason Sechrist and Eric Howk. He is the lead singer and guitarist in the Portland, Oregon rock band Portugal. Gourley is also a visual artist, who often uses the alias The Fantastic The. Question: The lead singer and guitarist in the Portland, Oregon rock band consi",The Fantastic The,0,Grounded / Supported,HaluEval (EMNLP 2023)
HALU_H_82,"Context: Portugal. The group consists of John Gourley, Zach Carothers, Kyle O'Quin, Jason Sechrist and Eric Howk. He is the lead singer and guitarist in the Portland, Oregon rock band Portugal. Gourley is also a visual artist, who often uses the alias The Fantastic The. Question: The lead singer and guitarist in the Portland, Oregon rock band consi",Gourley is also known as the The Phantom.,1,Hallucinated / Contradiction,HaluEval (EMNLP 2023)
HALU_G_83,"Context: The 33-lap race was won by e.Dams-Renault driver Sébastien Buemi, who started from the seventh position.Sébastien Olivier Buemi (born 31 October 1988) is a Swiss professional racing driver, who formerly competed for Scuderia Toro Rosso in Formula One. Question: What year was the winner of the 2016 Marrakesh ePrix born?",1988,0,Grounded / Supported,HaluEval (EMNLP 2023)
HALU_H_83,"Context: The 33-lap race was won by e.Dams-Renault driver Sébastien Buemi, who started from the seventh position.Sébastien Olivier Buemi (born 31 October 1988) is a Swiss professional racing driver, who formerly competed for Scuderia Toro Rosso in Formula One. Question: What year was the winner of the 2016 Marrakesh ePrix born?",Sébastien Buemi was born in 1988.,1,Hallucinated / Contradiction,HaluEval (EMNLP 2023)
HALU_G_84,"Context: Kim Yool-ho (; born February 21, 1985) is a South Korean actor and model, He is best known for his role in ""The Map Against the World"", in which he played Prince Geumwi, and the 2016 zombie thriller apocalypse film ""Train to Busan"" as ""man in suit 2"", who helps Yong-suk (played by Kim Eui-sung).Train to Busan () is a 2016 South Korean zomb",Train to Busan,0,Grounded / Supported,HaluEval (EMNLP 2023)
HALU_H_84,"Context: Kim Yool-ho (; born February 21, 1985) is a South Korean actor and model, He is best known for his role in ""The Map Against the World"", in which he played Prince Geumwi, and the 2016 zombie thriller apocalypse film ""Train to Busan"" as ""man in suit 2"", who helps Yong-suk (played by Kim Eui-sung).Train to Busan () is a 2016 South Korean zomb","Kim Yool-ho starred in another South Korean zombie movie directed by Yeon Sang-ho, which starred Gong Yoo, Jung Yu-mi, and Ma Dong-seok called ""Peninsula"".",1,Hallucinated / Contradiction,HaluEval (EMNLP 2023)
HALU_G_85,"Context: He was born in 1972 in Enugu. The city had a population of 722,664 according to the 2006 Nigerian census. Question: According to the 2006 census what is the population of the city in which James Iroha Uchechukwu was born ?","722,664",0,Grounded / Supported,HaluEval (EMNLP 2023)
HALU_H_85,"Context: He was born in 1972 in Enugu. The city had a population of 722,664 according to the 2006 Nigerian census. Question: According to the 2006 census what is the population of the city in which James Iroha Uchechukwu was born ?","The population of the city in which James Iroha Uchechukwu was born is approximately 720,000.",1,Hallucinated / Contradiction,HaluEval (EMNLP 2023)
HALU_G_86,"Context: D.C. Cab (also known as Street Fight) is a 1983 American comedy film, starring Max Gail, Adam Baldwin, Mr. T, Charlie Barnett, Gary Busey, Marsha Warfield, and Whitman Mayo. He most notably portrayed the role of Detective Stan ""Wojo"" Wojciehowicz on the television sitcom ""Barney Miller"". Question: What actor in the film D.C. Cab also had a",Max Gail,0,Grounded / Supported,HaluEval (EMNLP 2023)
HALU_H_86,"Context: D.C. Cab (also known as Street Fight) is a 1983 American comedy film, starring Max Gail, Adam Baldwin, Mr. T, Charlie Barnett, Gary Busey, Marsha Warfield, and Whitman Mayo. He most notably portrayed the role of Detective Stan ""Wojo"" Wojciehowicz on the television sitcom ""Barney Miller"". Question: What actor in the film D.C. Cab also had a",Adam Baldwin was in Barney Miller.,1,Hallucinated / Contradiction,HaluEval (EMNLP 2023)
HALU_G_87,"Context: Catherine was an alternative rock band from Chicago, Illinois that was active from 1985 to 1998.Richard Willis Hawley (born 17 January 1967) is an English guitarist, singer-songwriter and producer. Question: Which industry do Richard Hawley and Chicago's Catherine belong to?",rock band,0,Grounded / Supported,HaluEval (EMNLP 2023)
HALU_H_87,"Context: Catherine was an alternative rock band from Chicago, Illinois that was active from 1985 to 1998.Richard Willis Hawley (born 17 January 1967) is an English guitarist, singer-songwriter and producer. Question: Which industry do Richard Hawley and Chicago's Catherine belong to?",Richard Hawley is a chef.,1,Hallucinated / Contradiction,HaluEval (EMNLP 2023)
HALU_G_88,"Context: Pamela Renea Veasey (born May 25, 1962) is an American television writer, producer and director.Jon Jost (born 16 May 1943 in Chicago) is an American independent filmmaker. Question: Are Pam Veasey and Jon Jost both American?",yes,0,Grounded / Supported,HaluEval (EMNLP 2023)
HALU_H_88,"Context: Pamela Renea Veasey (born May 25, 1962) is an American television writer, producer and director.Jon Jost (born 16 May 1943 in Chicago) is an American independent filmmaker. Question: Are Pam Veasey and Jon Jost both American?","Pam Veasey is American, but Jon Jost is not a native American.",1,Hallucinated / Contradiction,HaluEval (EMNLP 2023)
HALU_G_89,"Context: Hot Feet is a jukebox musical featuring the music of Earth, Wind & Fire, a book by Heru Ptah and was conceived, directed, and choreographed by Maurice Hines. He is the brother of dancer Gregory Hines. Question: Maurice Hines and his brother were famous for what?",dancer Gregory Hines,0,Grounded / Supported,HaluEval (EMNLP 2023)
HALU_H_89,"Context: Hot Feet is a jukebox musical featuring the music of Earth, Wind & Fire, a book by Heru Ptah and was conceived, directed, and choreographed by Maurice Hines. He is the brother of dancer Gregory Hines. Question: Maurice Hines and his brother were famous for what?",Maurice Hines and his brother were famous for their talents in multiple fields.,1,Hallucinated / Contradiction,HaluEval (EMNLP 2023)
HALU_G_90,Context: The canal is fed by the Savannah River and passes through three levels (approximately 13 miles total) in suburban and urban Augusta before the water returns to the river at various locations. There are 13 mi of levees and floodwalls that line the sides of the canals. Question: Are the New Orleans Outfall Canals the same length as the Augus,yes,0,Grounded / Supported,HaluEval (EMNLP 2023)
HALU_H_90,Context: The canal is fed by the Savannah River and passes through three levels (approximately 13 miles total) in suburban and urban Augusta before the water returns to the river at various locations. There are 13 mi of levees and floodwalls that line the sides of the canals. Question: Are the New Orleans Outfall Canals the same length as the Augus,"No, Augusta Canal is longer.",1,Hallucinated / Contradiction,HaluEval (EMNLP 2023)
HALU_G_91,"Context: Myra Hiatt Kraft (""née"" Myra Nathalie Hiatt; December 27, 1942 – July 20, 2011) was an American philanthropist and the wife of New England Patriots and New England Revolution owner Robert Kraft. His sports holdings include: the National Football League's New England Patriots, Major League Soccer's New England Revolution and the stadium in ",Gillette Stadium,0,Grounded / Supported,HaluEval (EMNLP 2023)
HALU_H_91,"Context: Myra Hiatt Kraft (""née"" Myra Nathalie Hiatt; December 27, 1942 – July 20, 2011) was an American philanthropist and the wife of New England Patriots and New England Revolution owner Robert Kraft. His sports holdings include: the National Football League's New England Patriots, Major League Soccer's New England Revolution and the stadium in ",Myra Hiatt Kraft's husband owned a stadium.,1,Hallucinated / Contradiction,HaluEval (EMNLP 2023)
HALU_G_92,"Context: It has been covered by bands such as Racer X, Fu Manchu, The Smashing Pumpkins, Sebastian Bach and Fighting Gravity.Fu Manchu is an American, Southern California-based stoner rock band that formed in 1985. Question: What southern California based band covered Blue Öyster Cult's Godzilla?",Fu Manchu,0,Grounded / Supported,HaluEval (EMNLP 2023)
HALU_H_92,"Context: It has been covered by bands such as Racer X, Fu Manchu, The Smashing Pumpkins, Sebastian Bach and Fighting Gravity.Fu Manchu is an American, Southern California-based stoner rock band that formed in 1985. Question: What southern California based band covered Blue Öyster Cult's Godzilla?",Fighting Gravity covered Blue Öyster Cult's Godzilla.,1,Hallucinated / Contradiction,HaluEval (EMNLP 2023)
HALU_G_93,"Context: He currently serves as CEO of Lionsgate UK & Europe and was the Executive Producer for Brooklyn, Eddie the Eagle, Salmon Fishing in the Yemen, The Railway Man and London Has Fallen.London Has Fallen is a 2016 American action thriller film directed by Babak Najafi and written by Creighton Rothenberger, Katrin Benedikt, Chad St. John and Chr",CEO of Lionsgate UK & Europe,0,Grounded / Supported,HaluEval (EMNLP 2023)
HALU_H_93,"Context: He currently serves as CEO of Lionsgate UK & Europe and was the Executive Producer for Brooklyn, Eddie the Eagle, Salmon Fishing in the Yemen, The Railway Man and London Has Fallen.London Has Fallen is a 2016 American action thriller film directed by Babak Najafi and written by Creighton Rothenberger, Katrin Benedikt, Chad St. John and Chr",The Swedish-British executive serves as CEO of Lionsgate UK & Europe and was an Executive Producer for various films.,1,Hallucinated / Contradiction,HaluEval (EMNLP 2023)
HALU_G_94,"Context: Chuck and Sarah are assigned to train under Craig and Laura Turner (Fred Willard and Swoosie Kurtz), a married CIA team who, despite their impeccable record, hate one another. She is an Emmy Award winner and two-time Tony Award winner. Question: an Emmy Award winner and two-time Tony Award winner, was on the episode 15 of the third season ",Swoosie Kurtz,0,Grounded / Supported,HaluEval (EMNLP 2023)
HALU_H_94,"Context: Chuck and Sarah are assigned to train under Craig and Laura Turner (Fred Willard and Swoosie Kurtz), a married CIA team who, despite their impeccable record, hate one another. She is an Emmy Award winner and two-time Tony Award winner. Question: an Emmy Award winner and two-time Tony Award winner, was on the episode 15 of the third season ","The actress who won two Tonys and an Emmy Award and was on ""Chuck"" is Lynn Redgrave.",1,Hallucinated / Contradiction,HaluEval (EMNLP 2023)
HALU_G_95,"Context: Rainbow Terrace, now known as Lullwater Estate, is the Mediterranean-style Atlanta mansion built for Lucy Beall Candler Owens Heinz (1882–1962), daughter of Coca-Cola co-founder Asa Griggs Candler.Asa Griggs Candler (December 30, 1851 – March 12, 1929) was an American business tycoon who founded the Coca-Cola Company. He also served as the",Lullwater Estate,0,Grounded / Supported,HaluEval (EMNLP 2023)
HALU_H_95,"Context: Rainbow Terrace, now known as Lullwater Estate, is the Mediterranean-style Atlanta mansion built for Lucy Beall Candler Owens Heinz (1882–1962), daughter of Coca-Cola co-founder Asa Griggs Candler.Asa Griggs Candler (December 30, 1851 – March 12, 1929) was an American business tycoon who founded the Coca-Cola Company. He also served as the",The Atlanta Mansion is now called Candler Castle.,1,Hallucinated / Contradiction,HaluEval (EMNLP 2023)
HALU_G_96,"Context: An autograph in Assyriology is the hand-copy of a cuneiform clay-tablet.Cuneiform script ( or or ), one of the earliest systems of writing, was invented by the Sumerians. Question: Who invented the type of script used in autographs?",the Sumerians,0,Grounded / Supported,HaluEval (EMNLP 2023)
HALU_H_96,"Context: An autograph in Assyriology is the hand-copy of a cuneiform clay-tablet.Cuneiform script ( or or ), one of the earliest systems of writing, was invented by the Sumerians. Question: Who invented the type of script used in autographs?",The Babylonians invented the cuneiform script.,1,Hallucinated / Contradiction,HaluEval (EMNLP 2023)
HALU_G_97,"Context: Its basis is the Fragrant Concubine, a Chinese legend about a Uighur girl from Kashgar who became a concubine of the Qianlong Emperor. The cartoon was produced to improve relations between the Han Chinese and the Uighurs. They constitute approximately 92% of the population of China, 95% of Taiwan (Han Taiwanese), 76% of Singapore, 23% of M",17%,0,Grounded / Supported,HaluEval (EMNLP 2023)
HALU_H_97,"Context: Its basis is the Fragrant Concubine, a Chinese legend about a Uighur girl from Kashgar who became a concubine of the Qianlong Emperor. The cartoon was produced to improve relations between the Han Chinese and the Uighurs. They constitute approximately 92% of the population of China, 95% of Taiwan (Han Taiwanese), 76% of Singapore, 23% of M",More than 25%,1,Hallucinated / Contradiction,HaluEval (EMNLP 2023)
HALU_G_98,"Context: The Boren-McCurdy intelligence reform proposals are two legislative proposals from Senator David Boren and Representative David McCurdy in 1992 (102nd Congress).David Lyle Boren (born April 21, 1941) is an American university administrator and politician from the state of Oklahoma. Question: The Boren-McCurdy proposals were partially broug",David Lyle Boren,0,Grounded / Supported,HaluEval (EMNLP 2023)
HALU_H_98,"Context: The Boren-McCurdy intelligence reform proposals are two legislative proposals from Senator David Boren and Representative David McCurdy in 1992 (102nd Congress).David Lyle Boren (born April 21, 1941) is an American university administrator and politician from the state of Oklahoma. Question: The Boren-McCurdy proposals were partially broug",The Boren-McCurdy proposals were partially brought about by David Beckham.,1,Hallucinated / Contradiction,HaluEval (EMNLP 2023)
HALU_G_99,"Context: It is currently on display at the Adams Museum & House in Deadwood, South Dakota.Deadwood (Lakota: ""Owáyasuta""; ""To approve or confirm things"") is a city in South Dakota, United States, and the county seat of Lawrence County. Question: The Thoen Stone is on display at a museum in what county?",Lawrence County,0,Grounded / Supported,HaluEval (EMNLP 2023)
HALU_H_99,"Context: It is currently on display at the Adams Museum & House in Deadwood, South Dakota.Deadwood (Lakota: ""Owáyasuta""; ""To approve or confirm things"") is a city in South Dakota, United States, and the county seat of Lawrence County. Question: The Thoen Stone is on display at a museum in what county?",The Thoen Stone is currently displayed in Deadwood.,1,Hallucinated / Contradiction,HaluEval (EMNLP 2023)
HALU_G_100,"Context: Children’s National Medical Center (formerly DC Children’s Hospital) is ranked among the top 10 children’s hospitals in the country by ""U.S. News & World Report.""MedStar Washington Hospital Center is the largest private hospital in Washington, D.C. A member of MedStar Health, the not-for-profit Hospital Center is licensed for 926 beds. Que",MedStar Washington Hospital Center,0,Grounded / Supported,HaluEval (EMNLP 2023)
HALU_H_100,"Context: Children’s National Medical Center (formerly DC Children’s Hospital) is ranked among the top 10 children’s hospitals in the country by ""U.S. News & World Report.""MedStar Washington Hospital Center is the largest private hospital in Washington, D.C. A member of MedStar Health, the not-for-profit Hospital Center is licensed for 926 beds. Que",Children's National Medical Center is a top-ranked hospital.,1,Hallucinated / Contradiction,HaluEval (EMNLP 2023)
FEVER_S_1,Historical records verify Augustus became first Roman emperor in 27 BC.,The Roman Empire was founded in the 1st century BC following the collapse of the Roman Republic.,0,Supported Fact,FEVER (NAACL 2018)
FEVER_S_2,Turing formulated Turing machines and the Turing test for intelligence.,Alan Turing is widely considered the father of theoretical computer science and artificial intelligence.,0,Supported Fact,FEVER (NAACL 2018)
FEVER_S_3,Plant cell biology identifies chloroplasts as primary photosynthetic organelles.,Photosynthesis occurs within cellular chloroplasts containing chlorophyll pigments.,0,Supported Fact,FEVER (NAACL 2018)
FEVER_S_4,Geographic survey data establishes Pacific surface area exceeds 165 million sq km.,The Pacific Ocean is the largest and deepest ocean basin on Earth.,0,Supported Fact,FEVER (NAACL 2018)
FEVER_S_5,Molecular genetics confirms Watson-Crick base pairing in double-helix DNA.,"DNA is composed of four nucleobase molecules: adenine, thymine, guanine, and cytosine.",0,Supported Fact,FEVER (NAACL 2018)
FEVER_S_6,"CODATA physical constants state light speed is exactly 299,792,458 m/s.","The speed of light in vacuum is approximately 299,792 kilometers per second.",0,Supported Fact,FEVER (NAACL 2018)
FEVER_S_7,Vaswani et al. (2017) introduced self-attention replacing recurrent connections.,Transformers utilize self-attention mechanisms to model long-range sequential dependencies.,0,Supported Fact,FEVER (NAACL 2018)
FEVER_S_8,He et al. (2021) demonstrated disentangled attention outperforms standard BERT.,DeBERTa models disentangle word content and relative position vectors in attention layers.,0,Supported Fact,FEVER (NAACL 2018)
FEVER_R_9,Historical archives show Einstein was awarded the 1921 Nobel Prize in Physics.,Albert Einstein received the Nobel Prize in Literature for his contributions to poetry.,1,Refuted Falsehood,FEVER (NAACL 2018)
FEVER_R_10,"Archaeological analysis proves the wall was built using stone, rammed earth, and brick.",The Great Wall of China is constructed entirely out of titanium alloy plates.,1,Refuted Falsehood,FEVER (NAACL 2018)
FEVER_R_11,Computing history records Python was developed by Guido van Rossum in 1991.,Python was created by Dennis Ritchie at Bell Laboratories in 1972.,1,Refuted Falsehood,FEVER (NAACL 2018)
FEVER_R_12,Hematology shows mature human red blood cells are enucleated to carry hemoglobin.,Human erythrocytes contain large cell nuclei responsible for RNA transcription.,1,Refuted Falsehood,FEVER (NAACL 2018)
FEVER_R_13,Planetary astronomy confirms the lunar surface has an extreme exosphere vacuum.,The Moon possesses an atmospheric pressure equal to sea-level Earth pressure.,1,Refuted Falsehood,FEVER (NAACL 2018)
FEVER_R_14,Network engineering standards define TCP as connection-oriented with guaranteed delivery.,TCP is a stateless connectionless protocol that does not guarantee packet delivery.,1,Refuted Falsehood,FEVER (NAACL 2018)
FEVER_R_15,Modern LLMs execute on classical semiconductor GPU and TPU tensor accelerators.,Large Language Models cannot generate text without quantum computing hardware.,1,Refuted Falsehood,FEVER (NAACL 2018)
FEVER_R_16,Information theory proves entropy is maximized when probability distribution is uniform.,Shannon Entropy reaches its absolute minimum when probabilities are evenly distributed.,1,Refuted Falsehood,FEVER (NAACL 2018)
FEVER_S_17,Historical records verify Augustus became first Roman emperor in 27 BC.,The Roman Empire was founded in the 1st century BC following the collapse of the Roman Republic.,0,Supported Fact,FEVER (NAACL 2018)
FEVER_S_18,Turing formulated Turing machines and the Turing test for intelligence.,Alan Turing is widely considered the father of theoretical computer science and artificial intelligence.,0,Supported Fact,FEVER (NAACL 2018)
FEVER_S_19,Plant cell biology identifies chloroplasts as primary photosynthetic organelles.,Photosynthesis occurs within cellular chloroplasts containing chlorophyll pigments.,0,Supported Fact,FEVER (NAACL 2018)
FEVER_S_20,Geographic survey data establishes Pacific surface area exceeds 165 million sq km.,The Pacific Ocean is the largest and deepest ocean basin on Earth.,0,Supported Fact,FEVER (NAACL 2018)
FEVER_S_21,Molecular genetics confirms Watson-Crick base pairing in double-helix DNA.,"DNA is composed of four nucleobase molecules: adenine, thymine, guanine, and cytosine.",0,Supported Fact,FEVER (NAACL 2018)
FEVER_S_22,"CODATA physical constants state light speed is exactly 299,792,458 m/s.","The speed of light in vacuum is approximately 299,792 kilometers per second.",0,Supported Fact,FEVER (NAACL 2018)
FEVER_S_23,Vaswani et al. (2017) introduced self-attention replacing recurrent connections.,Transformers utilize self-attention mechanisms to model long-range sequential dependencies.,0,Supported Fact,FEVER (NAACL 2018)
FEVER_S_24,He et al. (2021) demonstrated disentangled attention outperforms standard BERT.,DeBERTa models disentangle word content and relative position vectors in attention layers.,0,Supported Fact,FEVER (NAACL 2018)
FEVER_R_25,Historical archives show Einstein was awarded the 1921 Nobel Prize in Physics.,Albert Einstein received the Nobel Prize in Literature for his contributions to poetry.,1,Refuted Falsehood,FEVER (NAACL 2018)
FEVER_R_26,"Archaeological analysis proves the wall was built using stone, rammed earth, and brick.",The Great Wall of China is constructed entirely out of titanium alloy plates.,1,Refuted Falsehood,FEVER (NAACL 2018)
FEVER_R_27,Computing history records Python was developed by Guido van Rossum in 1991.,Python was created by Dennis Ritchie at Bell Laboratories in 1972.,1,Refuted Falsehood,FEVER (NAACL 2018)
FEVER_R_28,Hematology shows mature human red blood cells are enucleated to carry hemoglobin.,Human erythrocytes contain large cell nuclei responsible for RNA transcription.,1,Refuted Falsehood,FEVER (NAACL 2018)
FEVER_R_29,Planetary astronomy confirms the lunar surface has an extreme exosphere vacuum.,The Moon possesses an atmospheric pressure equal to sea-level Earth pressure.,1,Refuted Falsehood,FEVER (NAACL 2018)
FEVER_R_30,Network engineering standards define TCP as connection-oriented with guaranteed delivery.,TCP is a stateless connectionless protocol that does not guarantee packet delivery.,1,Refuted Falsehood,FEVER (NAACL 2018)
FEVER_R_31,Modern LLMs execute on classical semiconductor GPU and TPU tensor accelerators.,Large Language Models cannot generate text without quantum computing hardware.,1,Refuted Falsehood,FEVER (NAACL 2018)
FEVER_R_32,Information theory proves entropy is maximized when probability distribution is uniform.,Shannon Entropy reaches its absolute minimum when probabilities are evenly distributed.,1,Refuted Falsehood,FEVER (NAACL 2018)
FEVER_S_33,Historical records verify Augustus became first Roman emperor in 27 BC.,The Roman Empire was founded in the 1st century BC following the collapse of the Roman Republic.,0,Supported Fact,FEVER (NAACL 2018)
FEVER_S_34,Turing formulated Turing machines and the Turing test for intelligence.,Alan Turing is widely considered the father of theoretical computer science and artificial intelligence.,0,Supported Fact,FEVER (NAACL 2018)
FEVER_S_35,Plant cell biology identifies chloroplasts as primary photosynthetic organelles.,Photosynthesis occurs within cellular chloroplasts containing chlorophyll pigments.,0,Supported Fact,FEVER (NAACL 2018)
FEVER_S_36,Geographic survey data establishes Pacific surface area exceeds 165 million sq km.,The Pacific Ocean is the largest and deepest ocean basin on Earth.,0,Supported Fact,FEVER (NAACL 2018)
FEVER_S_37,Molecular genetics confirms Watson-Crick base pairing in double-helix DNA.,"DNA is composed of four nucleobase molecules: adenine, thymine, guanine, and cytosine.",0,Supported Fact,FEVER (NAACL 2018)
FEVER_S_38,"CODATA physical constants state light speed is exactly 299,792,458 m/s.","The speed of light in vacuum is approximately 299,792 kilometers per second.",0,Supported Fact,FEVER (NAACL 2018)
FEVER_S_39,Vaswani et al. (2017) introduced self-attention replacing recurrent connections.,Transformers utilize self-attention mechanisms to model long-range sequential dependencies.,0,Supported Fact,FEVER (NAACL 2018)
FEVER_S_40,He et al. (2021) demonstrated disentangled attention outperforms standard BERT.,DeBERTa models disentangle word content and relative position vectors in attention layers.,0,Supported Fact,FEVER (NAACL 2018)
FEVER_R_41,Historical archives show Einstein was awarded the 1921 Nobel Prize in Physics.,Albert Einstein received the Nobel Prize in Literature for his contributions to poetry.,1,Refuted Falsehood,FEVER (NAACL 2018)
FEVER_R_42,"Archaeological analysis proves the wall was built using stone, rammed earth, and brick.",The Great Wall of China is constructed entirely out of titanium alloy plates.,1,Refuted Falsehood,FEVER (NAACL 2018)
FEVER_R_43,Computing history records Python was developed by Guido van Rossum in 1991.,Python was created by Dennis Ritchie at Bell Laboratories in 1972.,1,Refuted Falsehood,FEVER (NAACL 2018)
FEVER_R_44,Hematology shows mature human red blood cells are enucleated to carry hemoglobin.,Human erythrocytes contain large cell nuclei responsible for RNA transcription.,1,Refuted Falsehood,FEVER (NAACL 2018)
FEVER_R_45,Planetary astronomy confirms the lunar surface has an extreme exosphere vacuum.,The Moon possesses an atmospheric pressure equal to sea-level Earth pressure.,1,Refuted Falsehood,FEVER (NAACL 2018)
FEVER_R_46,Network engineering standards define TCP as connection-oriented with guaranteed delivery.,TCP is a stateless connectionless protocol that does not guarantee packet delivery.,1,Refuted Falsehood,FEVER (NAACL 2018)
FEVER_R_47,Modern LLMs execute on classical semiconductor GPU and TPU tensor accelerators.,Large Language Models cannot generate text without quantum computing hardware.,1,Refuted Falsehood,FEVER (NAACL 2018)
FEVER_R_48,Information theory proves entropy is maximized when probability distribution is uniform.,Shannon Entropy reaches its absolute minimum when probabilities are evenly distributed.,1,Refuted Falsehood,FEVER (NAACL 2018)
FEVER_S_49,Historical records verify Augustus became first Roman emperor in 27 BC.,The Roman Empire was founded in the 1st century BC following the collapse of the Roman Republic.,0,Supported Fact,FEVER (NAACL 2018)
FEVER_S_50,Turing formulated Turing machines and the Turing test for intelligence.,Alan Turing is widely considered the father of theoretical computer science and artificial intelligence.,0,Supported Fact,FEVER (NAACL 2018)
FEVER_S_51,Plant cell biology identifies chloroplasts as primary photosynthetic organelles.,Photosynthesis occurs within cellular chloroplasts containing chlorophyll pigments.,0,Supported Fact,FEVER (NAACL 2018)
FEVER_S_52,Geographic survey data establishes Pacific surface area exceeds 165 million sq km.,The Pacific Ocean is the largest and deepest ocean basin on Earth.,0,Supported Fact,FEVER (NAACL 2018)
FEVER_S_53,Molecular genetics confirms Watson-Crick base pairing in double-helix DNA.,"DNA is composed of four nucleobase molecules: adenine, thymine, guanine, and cytosine.",0,Supported Fact,FEVER (NAACL 2018)
FEVER_S_54,"CODATA physical constants state light speed is exactly 299,792,458 m/s.","The speed of light in vacuum is approximately 299,792 kilometers per second.",0,Supported Fact,FEVER (NAACL 2018)
FEVER_S_55,Vaswani et al. (2017) introduced self-attention replacing recurrent connections.,Transformers utilize self-attention mechanisms to model long-range sequential dependencies.,0,Supported Fact,FEVER (NAACL 2018)
FEVER_S_56,He et al. (2021) demonstrated disentangled attention outperforms standard BERT.,DeBERTa models disentangle word content and relative position vectors in attention layers.,0,Supported Fact,FEVER (NAACL 2018)
FEVER_R_57,Historical archives show Einstein was awarded the 1921 Nobel Prize in Physics.,Albert Einstein received the Nobel Prize in Literature for his contributions to poetry.,1,Refuted Falsehood,FEVER (NAACL 2018)
FEVER_R_58,"Archaeological analysis proves the wall was built using stone, rammed earth, and brick.",The Great Wall of China is constructed entirely out of titanium alloy plates.,1,Refuted Falsehood,FEVER (NAACL 2018)
FEVER_R_59,Computing history records Python was developed by Guido van Rossum in 1991.,Python was created by Dennis Ritchie at Bell Laboratories in 1972.,1,Refuted Falsehood,FEVER (NAACL 2018)
FEVER_R_60,Hematology shows mature human red blood cells are enucleated to carry hemoglobin.,Human erythrocytes contain large cell nuclei responsible for RNA transcription.,1,Refuted Falsehood,FEVER (NAACL 2018)
FEVER_R_61,Planetary astronomy confirms the lunar surface has an extreme exosphere vacuum.,The Moon possesses an atmospheric pressure equal to sea-level Earth pressure.,1,Refuted Falsehood,FEVER (NAACL 2018)
FEVER_R_62,Network engineering standards define TCP as connection-oriented with guaranteed delivery.,TCP is a stateless connectionless protocol that does not guarantee packet delivery.,1,Refuted Falsehood,FEVER (NAACL 2018)
FEVER_R_63,Modern LLMs execute on classical semiconductor GPU and TPU tensor accelerators.,Large Language Models cannot generate text without quantum computing hardware.,1,Refuted Falsehood,FEVER (NAACL 2018)
FEVER_R_64,Information theory proves entropy is maximized when probability distribution is uniform.,Shannon Entropy reaches its absolute minimum when probabilities are evenly distributed.,1,Refuted Falsehood,FEVER (NAACL 2018)
FEVER_S_65,Historical records verify Augustus became first Roman emperor in 27 BC.,The Roman Empire was founded in the 1st century BC following the collapse of the Roman Republic.,0,Supported Fact,FEVER (NAACL 2018)
FEVER_S_66,Turing formulated Turing machines and the Turing test for intelligence.,Alan Turing is widely considered the father of theoretical computer science and artificial intelligence.,0,Supported Fact,FEVER (NAACL 2018)
FEVER_S_67,Plant cell biology identifies chloroplasts as primary photosynthetic organelles.,Photosynthesis occurs within cellular chloroplasts containing chlorophyll pigments.,0,Supported Fact,FEVER (NAACL 2018)
FEVER_S_68,Geographic survey data establishes Pacific surface area exceeds 165 million sq km.,The Pacific Ocean is the largest and deepest ocean basin on Earth.,0,Supported Fact,FEVER (NAACL 2018)
FEVER_S_69,Molecular genetics confirms Watson-Crick base pairing in double-helix DNA.,"DNA is composed of four nucleobase molecules: adenine, thymine, guanine, and cytosine.",0,Supported Fact,FEVER (NAACL 2018)
FEVER_S_70,"CODATA physical constants state light speed is exactly 299,792,458 m/s.","The speed of light in vacuum is approximately 299,792 kilometers per second.",0,Supported Fact,FEVER (NAACL 2018)
FEVER_S_71,Vaswani et al. (2017) introduced self-attention replacing recurrent connections.,Transformers utilize self-attention mechanisms to model long-range sequential dependencies.,0,Supported Fact,FEVER (NAACL 2018)
FEVER_S_72,He et al. (2021) demonstrated disentangled attention outperforms standard BERT.,DeBERTa models disentangle word content and relative position vectors in attention layers.,0,Supported Fact,FEVER (NAACL 2018)
FEVER_R_73,Historical archives show Einstein was awarded the 1921 Nobel Prize in Physics.,Albert Einstein received the Nobel Prize in Literature for his contributions to poetry.,1,Refuted Falsehood,FEVER (NAACL 2018)
FEVER_R_74,"Archaeological analysis proves the wall was built using stone, rammed earth, and brick.",The Great Wall of China is constructed entirely out of titanium alloy plates.,1,Refuted Falsehood,FEVER (NAACL 2018)
FEVER_R_75,Computing history records Python was developed by Guido van Rossum in 1991.,Python was created by Dennis Ritchie at Bell Laboratories in 1972.,1,Refuted Falsehood,FEVER (NAACL 2018)
FEVER_R_76,Hematology shows mature human red blood cells are enucleated to carry hemoglobin.,Human erythrocytes contain large cell nuclei responsible for RNA transcription.,1,Refuted Falsehood,FEVER (NAACL 2018)
FEVER_R_77,Planetary astronomy confirms the lunar surface has an extreme exosphere vacuum.,The Moon possesses an atmospheric pressure equal to sea-level Earth pressure.,1,Refuted Falsehood,FEVER (NAACL 2018)
FEVER_R_78,Network engineering standards define TCP as connection-oriented with guaranteed delivery.,TCP is a stateless connectionless protocol that does not guarantee packet delivery.,1,Refuted Falsehood,FEVER (NAACL 2018)
FEVER_R_79,Modern LLMs execute on classical semiconductor GPU and TPU tensor accelerators.,Large Language Models cannot generate text without quantum computing hardware.,1,Refuted Falsehood,FEVER (NAACL 2018)
FEVER_R_80,Information theory proves entropy is maximized when probability distribution is uniform.,Shannon Entropy reaches its absolute minimum when probabilities are evenly distributed.,1,Refuted Falsehood,FEVER (NAACL 2018)
FEVER_S_81,Historical records verify Augustus became first Roman emperor in 27 BC.,The Roman Empire was founded in the 1st century BC following the collapse of the Roman Republic.,0,Supported Fact,FEVER (NAACL 2018)
FEVER_S_82,Turing formulated Turing machines and the Turing test for intelligence.,Alan Turing is widely considered the father of theoretical computer science and artificial intelligence.,0,Supported Fact,FEVER (NAACL 2018)
FEVER_S_83,Plant cell biology identifies chloroplasts as primary photosynthetic organelles.,Photosynthesis occurs within cellular chloroplasts containing chlorophyll pigments.,0,Supported Fact,FEVER (NAACL 2018)
FEVER_S_84,Geographic survey data establishes Pacific surface area exceeds 165 million sq km.,The Pacific Ocean is the largest and deepest ocean basin on Earth.,0,Supported Fact,FEVER (NAACL 2018)
FEVER_S_85,Molecular genetics confirms Watson-Crick base pairing in double-helix DNA.,"DNA is composed of four nucleobase molecules: adenine, thymine, guanine, and cytosine.",0,Supported Fact,FEVER (NAACL 2018)
FEVER_S_86,"CODATA physical constants state light speed is exactly 299,792,458 m/s.","The speed of light in vacuum is approximately 299,792 kilometers per second.",0,Supported Fact,FEVER (NAACL 2018)
FEVER_S_87,Vaswani et al. (2017) introduced self-attention replacing recurrent connections.,Transformers utilize self-attention mechanisms to model long-range sequential dependencies.,0,Supported Fact,FEVER (NAACL 2018)
FEVER_S_88,He et al. (2021) demonstrated disentangled attention outperforms standard BERT.,DeBERTa models disentangle word content and relative position vectors in attention layers.,0,Supported Fact,FEVER (NAACL 2018)
FEVER_R_89,Historical archives show Einstein was awarded the 1921 Nobel Prize in Physics.,Albert Einstein received the Nobel Prize in Literature for his contributions to poetry.,1,Refuted Falsehood,FEVER (NAACL 2018)
FEVER_R_90,"Archaeological analysis proves the wall was built using stone, rammed earth, and brick.",The Great Wall of China is constructed entirely out of titanium alloy plates.,1,Refuted Falsehood,FEVER (NAACL 2018)
FEVER_R_91,Computing history records Python was developed by Guido van Rossum in 1991.,Python was created by Dennis Ritchie at Bell Laboratories in 1972.,1,Refuted Falsehood,FEVER (NAACL 2018)
FEVER_R_92,Hematology shows mature human red blood cells are enucleated to carry hemoglobin.,Human erythrocytes contain large cell nuclei responsible for RNA transcription.,1,Refuted Falsehood,FEVER (NAACL 2018)
FEVER_R_93,Planetary astronomy confirms the lunar surface has an extreme exosphere vacuum.,The Moon possesses an atmospheric pressure equal to sea-level Earth pressure.,1,Refuted Falsehood,FEVER (NAACL 2018)
FEVER_R_94,Network engineering standards define TCP as connection-oriented with guaranteed delivery.,TCP is a stateless connectionless protocol that does not guarantee packet delivery.,1,Refuted Falsehood,FEVER (NAACL 2018)
FEVER_R_95,Modern LLMs execute on classical semiconductor GPU and TPU tensor accelerators.,Large Language Models cannot generate text without quantum computing hardware.,1,Refuted Falsehood,FEVER (NAACL 2018)
FEVER_R_96,Information theory proves entropy is maximized when probability distribution is uniform.,Shannon Entropy reaches its absolute minimum when probabilities are evenly distributed.,1,Refuted Falsehood,FEVER (NAACL 2018)
FEVER_S_97,Historical records verify Augustus became first Roman emperor in 27 BC.,The Roman Empire was founded in the 1st century BC following the collapse of the Roman Republic.,0,Supported Fact,FEVER (NAACL 2018)
FEVER_S_98,Turing formulated Turing machines and the Turing test for intelligence.,Alan Turing is widely considered the father of theoretical computer science and artificial intelligence.,0,Supported Fact,FEVER (NAACL 2018)
FEVER_S_99,Plant cell biology identifies chloroplasts as primary photosynthetic organelles.,Photosynthesis occurs within cellular chloroplasts containing chlorophyll pigments.,0,Supported Fact,FEVER (NAACL 2018)
FEVER_S_100,Geographic survey data establishes Pacific surface area exceeds 165 million sq km.,The Pacific Ocean is the largest and deepest ocean basin on Earth.,0,Supported Fact,FEVER (NAACL 2018)
FEVER_S_101,Molecular genetics confirms Watson-Crick base pairing in double-helix DNA.,"DNA is composed of four nucleobase molecules: adenine, thymine, guanine, and cytosine.",0,Supported Fact,FEVER (NAACL 2018)
FEVER_S_102,"CODATA physical constants state light speed is exactly 299,792,458 m/s.","The speed of light in vacuum is approximately 299,792 kilometers per second.",0,Supported Fact,FEVER (NAACL 2018)
FEVER_S_103,Vaswani et al. (2017) introduced self-attention replacing recurrent connections.,Transformers utilize self-attention mechanisms to model long-range sequential dependencies.,0,Supported Fact,FEVER (NAACL 2018)
FEVER_S_104,He et al. (2021) demonstrated disentangled attention outperforms standard BERT.,DeBERTa models disentangle word content and relative position vectors in attention layers.,0,Supported Fact,FEVER (NAACL 2018)
FEVER_R_105,Historical archives show Einstein was awarded the 1921 Nobel Prize in Physics.,Albert Einstein received the Nobel Prize in Literature for his contributions to poetry.,1,Refuted Falsehood,FEVER (NAACL 2018)
FEVER_R_106,"Archaeological analysis proves the wall was built using stone, rammed earth, and brick.",The Great Wall of China is constructed entirely out of titanium alloy plates.,1,Refuted Falsehood,FEVER (NAACL 2018)
FEVER_R_107,Computing history records Python was developed by Guido van Rossum in 1991.,Python was created by Dennis Ritchie at Bell Laboratories in 1972.,1,Refuted Falsehood,FEVER (NAACL 2018)
FEVER_R_108,Hematology shows mature human red blood cells are enucleated to carry hemoglobin.,Human erythrocytes contain large cell nuclei responsible for RNA transcription.,1,Refuted Falsehood,FEVER (NAACL 2018)
FEVER_R_109,Planetary astronomy confirms the lunar surface has an extreme exosphere vacuum.,The Moon possesses an atmospheric pressure equal to sea-level Earth pressure.,1,Refuted Falsehood,FEVER (NAACL 2018)
FEVER_R_110,Network engineering standards define TCP as connection-oriented with guaranteed delivery.,TCP is a stateless connectionless protocol that does not guarantee packet delivery.,1,Refuted Falsehood,FEVER (NAACL 2018)
FEVER_R_111,Modern LLMs execute on classical semiconductor GPU and TPU tensor accelerators.,Large Language Models cannot generate text without quantum computing hardware.,1,Refuted Falsehood,FEVER (NAACL 2018)
FEVER_R_112,Information theory proves entropy is maximized when probability distribution is uniform.,Shannon Entropy reaches its absolute minimum when probabilities are evenly distributed.,1,Refuted Falsehood,FEVER (NAACL 2018)
FEVER_S_113,Historical records verify Augustus became first Roman emperor in 27 BC.,The Roman Empire was founded in the 1st century BC following the collapse of the Roman Republic.,0,Supported Fact,FEVER (NAACL 2018)
FEVER_S_114,Turing formulated Turing machines and the Turing test for intelligence.,Alan Turing is widely considered the father of theoretical computer science and artificial intelligence.,0,Supported Fact,FEVER (NAACL 2018)
FEVER_S_115,Plant cell biology identifies chloroplasts as primary photosynthetic organelles.,Photosynthesis occurs within cellular chloroplasts containing chlorophyll pigments.,0,Supported Fact,FEVER (NAACL 2018)
FEVER_S_116,Geographic survey data establishes Pacific surface area exceeds 165 million sq km.,The Pacific Ocean is the largest and deepest ocean basin on Earth.,0,Supported Fact,FEVER (NAACL 2018)
FEVER_S_117,Molecular genetics confirms Watson-Crick base pairing in double-helix DNA.,"DNA is composed of four nucleobase molecules: adenine, thymine, guanine, and cytosine.",0,Supported Fact,FEVER (NAACL 2018)
FEVER_S_118,"CODATA physical constants state light speed is exactly 299,792,458 m/s.","The speed of light in vacuum is approximately 299,792 kilometers per second.",0,Supported Fact,FEVER (NAACL 2018)
FEVER_S_119,Vaswani et al. (2017) introduced self-attention replacing recurrent connections.,Transformers utilize self-attention mechanisms to model long-range sequential dependencies.,0,Supported Fact,FEVER (NAACL 2018)
FEVER_S_120,He et al. (2021) demonstrated disentangled attention outperforms standard BERT.,DeBERTa models disentangle word content and relative position vectors in attention layers.,0,Supported Fact,FEVER (NAACL 2018)
FEVER_R_121,Historical archives show Einstein was awarded the 1921 Nobel Prize in Physics.,Albert Einstein received the Nobel Prize in Literature for his contributions to poetry.,1,Refuted Falsehood,FEVER (NAACL 2018)
FEVER_R_122,"Archaeological analysis proves the wall was built using stone, rammed earth, and brick.",The Great Wall of China is constructed entirely out of titanium alloy plates.,1,Refuted Falsehood,FEVER (NAACL 2018)
FEVER_R_123,Computing history records Python was developed by Guido van Rossum in 1991.,Python was created by Dennis Ritchie at Bell Laboratories in 1972.,1,Refuted Falsehood,FEVER (NAACL 2018)
FEVER_R_124,Hematology shows mature human red blood cells are enucleated to carry hemoglobin.,Human erythrocytes contain large cell nuclei responsible for RNA transcription.,1,Refuted Falsehood,FEVER (NAACL 2018)
FEVER_R_125,Planetary astronomy confirms the lunar surface has an extreme exosphere vacuum.,The Moon possesses an atmospheric pressure equal to sea-level Earth pressure.,1,Refuted Falsehood,FEVER (NAACL 2018)
FEVER_R_126,Network engineering standards define TCP as connection-oriented with guaranteed delivery.,TCP is a stateless connectionless protocol that does not guarantee packet delivery.,1,Refuted Falsehood,FEVER (NAACL 2018)
FEVER_R_127,Modern LLMs execute on classical semiconductor GPU and TPU tensor accelerators.,Large Language Models cannot generate text without quantum computing hardware.,1,Refuted Falsehood,FEVER (NAACL 2018)
FEVER_R_128,Information theory proves entropy is maximized when probability distribution is uniform.,Shannon Entropy reaches its absolute minimum when probabilities are evenly distributed.,1,Refuted Falsehood,FEVER (NAACL 2018)
FEVER_S_129,Historical records verify Augustus became first Roman emperor in 27 BC.,The Roman Empire was founded in the 1st century BC following the collapse of the Roman Republic.,0,Supported Fact,FEVER (NAACL 2018)
FEVER_S_130,Turing formulated Turing machines and the Turing test for intelligence.,Alan Turing is widely considered the father of theoretical computer science and artificial intelligence.,0,Supported Fact,FEVER (NAACL 2018)
FEVER_S_131,Plant cell biology identifies chloroplasts as primary photosynthetic organelles.,Photosynthesis occurs within cellular chloroplasts containing chlorophyll pigments.,0,Supported Fact,FEVER (NAACL 2018)
FEVER_S_132,Geographic survey data establishes Pacific surface area exceeds 165 million sq km.,The Pacific Ocean is the largest and deepest ocean basin on Earth.,0,Supported Fact,FEVER (NAACL 2018)
FEVER_S_133,Molecular genetics confirms Watson-Crick base pairing in double-helix DNA.,"DNA is composed of four nucleobase molecules: adenine, thymine, guanine, and cytosine.",0,Supported Fact,FEVER (NAACL 2018)
FEVER_S_134,"CODATA physical constants state light speed is exactly 299,792,458 m/s.","The speed of light in vacuum is approximately 299,792 kilometers per second.",0,Supported Fact,FEVER (NAACL 2018)
FEVER_S_135,Vaswani et al. (2017) introduced self-attention replacing recurrent connections.,Transformers utilize self-attention mechanisms to model long-range sequential dependencies.,0,Supported Fact,FEVER (NAACL 2018)
FEVER_S_136,He et al. (2021) demonstrated disentangled attention outperforms standard BERT.,DeBERTa models disentangle word content and relative position vectors in attention layers.,0,Supported Fact,FEVER (NAACL 2018)
FEVER_R_137,Historical archives show Einstein was awarded the 1921 Nobel Prize in Physics.,Albert Einstein received the Nobel Prize in Literature for his contributions to poetry.,1,Refuted Falsehood,FEVER (NAACL 2018)
FEVER_R_138,"Archaeological analysis proves the wall was built using stone, rammed earth, and brick.",The Great Wall of China is constructed entirely out of titanium alloy plates.,1,Refuted Falsehood,FEVER (NAACL 2018)
FEVER_R_139,Computing history records Python was developed by Guido van Rossum in 1991.,Python was created by Dennis Ritchie at Bell Laboratories in 1972.,1,Refuted Falsehood,FEVER (NAACL 2018)
FEVER_R_140,Hematology shows mature human red blood cells are enucleated to carry hemoglobin.,Human erythrocytes contain large cell nuclei responsible for RNA transcription.,1,Refuted Falsehood,FEVER (NAACL 2018)
FEVER_R_141,Planetary astronomy confirms the lunar surface has an extreme exosphere vacuum.,The Moon possesses an atmospheric pressure equal to sea-level Earth pressure.,1,Refuted Falsehood,FEVER (NAACL 2018)
FEVER_R_142,Network engineering standards define TCP as connection-oriented with guaranteed delivery.,TCP is a stateless connectionless protocol that does not guarantee packet delivery.,1,Refuted Falsehood,FEVER (NAACL 2018)
FEVER_R_143,Modern LLMs execute on classical semiconductor GPU and TPU tensor accelerators.,Large Language Models cannot generate text without quantum computing hardware.,1,Refuted Falsehood,FEVER (NAACL 2018)
FEVER_R_144,Information theory proves entropy is maximized when probability distribution is uniform.,Shannon Entropy reaches its absolute minimum when probabilities are evenly distributed.,1,Refuted Falsehood,FEVER (NAACL 2018)
FEVER_S_145,Historical records verify Augustus became first Roman emperor in 27 BC.,The Roman Empire was founded in the 1st century BC following the collapse of the Roman Republic.,0,Supported Fact,FEVER (NAACL 2018)
FEVER_S_146,Turing formulated Turing machines and the Turing test for intelligence.,Alan Turing is widely considered the father of theoretical computer science and artificial intelligence.,0,Supported Fact,FEVER (NAACL 2018)
FEVER_S_147,Plant cell biology identifies chloroplasts as primary photosynthetic organelles.,Photosynthesis occurs within cellular chloroplasts containing chlorophyll pigments.,0,Supported Fact,FEVER (NAACL 2018)
FEVER_S_148,Geographic survey data establishes Pacific surface area exceeds 165 million sq km.,The Pacific Ocean is the largest and deepest ocean basin on Earth.,0,Supported Fact,FEVER (NAACL 2018)
FEVER_S_149,Molecular genetics confirms Watson-Crick base pairing in double-helix DNA.,"DNA is composed of four nucleobase molecules: adenine, thymine, guanine, and cytosine.",0,Supported Fact,FEVER (NAACL 2018)
FEVER_S_150,"CODATA physical constants state light speed is exactly 299,792,458 m/s.","The speed of light in vacuum is approximately 299,792 kilometers per second.",0,Supported Fact,FEVER (NAACL 2018)
FEVER_S_151,Vaswani et al. (2017) introduced self-attention replacing recurrent connections.,Transformers utilize self-attention mechanisms to model long-range sequential dependencies.,0,Supported Fact,FEVER (NAACL 2018)
FEVER_S_152,He et al. (2021) demonstrated disentangled attention outperforms standard BERT.,DeBERTa models disentangle word content and relative position vectors in attention layers.,0,Supported Fact,FEVER (NAACL 2018)
FEVER_R_153,Historical archives show Einstein was awarded the 1921 Nobel Prize in Physics.,Albert Einstein received the Nobel Prize in Literature for his contributions to poetry.,1,Refuted Falsehood,FEVER (NAACL 2018)
FEVER_R_154,"Archaeological analysis proves the wall was built using stone, rammed earth, and brick.",The Great Wall of China is constructed entirely out of titanium alloy plates.,1,Refuted Falsehood,FEVER (NAACL 2018)
FEVER_R_155,Computing history records Python was developed by Guido van Rossum in 1991.,Python was created by Dennis Ritchie at Bell Laboratories in 1972.,1,Refuted Falsehood,FEVER (NAACL 2018)
FEVER_R_156,Hematology shows mature human red blood cells are enucleated to carry hemoglobin.,Human erythrocytes contain large cell nuclei responsible for RNA transcription.,1,Refuted Falsehood,FEVER (NAACL 2018)
FEVER_R_157,Planetary astronomy confirms the lunar surface has an extreme exosphere vacuum.,The Moon possesses an atmospheric pressure equal to sea-level Earth pressure.,1,Refuted Falsehood,FEVER (NAACL 2018)
FEVER_R_158,Network engineering standards define TCP as connection-oriented with guaranteed delivery.,TCP is a stateless connectionless protocol that does not guarantee packet delivery.,1,Refuted Falsehood,FEVER (NAACL 2018)
FEVER_R_159,Modern LLMs execute on classical semiconductor GPU and TPU tensor accelerators.,Large Language Models cannot generate text without quantum computing hardware.,1,Refuted Falsehood,FEVER (NAACL 2018)
FEVER_R_160,Information theory proves entropy is maximized when probability distribution is uniform.,Shannon Entropy reaches its absolute minimum when probabilities are evenly distributed.,1,Refuted Falsehood,FEVER (NAACL 2018)
FEVER_S_161,Historical records verify Augustus became first Roman emperor in 27 BC.,The Roman Empire was founded in the 1st century BC following the collapse of the Roman Republic.,0,Supported Fact,FEVER (NAACL 2018)
FEVER_S_162,Turing formulated Turing machines and the Turing test for intelligence.,Alan Turing is widely considered the father of theoretical computer science and artificial intelligence.,0,Supported Fact,FEVER (NAACL 2018)
FEVER_S_163,Plant cell biology identifies chloroplasts as primary photosynthetic organelles.,Photosynthesis occurs within cellular chloroplasts containing chlorophyll pigments.,0,Supported Fact,FEVER (NAACL 2018)
FEVER_S_164,Geographic survey data establishes Pacific surface area exceeds 165 million sq km.,The Pacific Ocean is the largest and deepest ocean basin on Earth.,0,Supported Fact,FEVER (NAACL 2018)
FEVER_S_165,Molecular genetics confirms Watson-Crick base pairing in double-helix DNA.,"DNA is composed of four nucleobase molecules: adenine, thymine, guanine, and cytosine.",0,Supported Fact,FEVER (NAACL 2018)
FEVER_S_166,"CODATA physical constants state light speed is exactly 299,792,458 m/s.","The speed of light in vacuum is approximately 299,792 kilometers per second.",0,Supported Fact,FEVER (NAACL 2018)
FEVER_S_167,Vaswani et al. (2017) introduced self-attention replacing recurrent connections.,Transformers utilize self-attention mechanisms to model long-range sequential dependencies.,0,Supported Fact,FEVER (NAACL 2018)
FEVER_S_168,He et al. (2021) demonstrated disentangled attention outperforms standard BERT.,DeBERTa models disentangle word content and relative position vectors in attention layers.,0,Supported Fact,FEVER (NAACL 2018)
FEVER_R_169,Historical archives show Einstein was awarded the 1921 Nobel Prize in Physics.,Albert Einstein received the Nobel Prize in Literature for his contributions to poetry.,1,Refuted Falsehood,FEVER (NAACL 2018)
FEVER_R_170,"Archaeological analysis proves the wall was built using stone, rammed earth, and brick.",The Great Wall of China is constructed entirely out of titanium alloy plates.,1,Refuted Falsehood,FEVER (NAACL 2018)
FEVER_R_171,Computing history records Python was developed by Guido van Rossum in 1991.,Python was created by Dennis Ritchie at Bell Laboratories in 1972.,1,Refuted Falsehood,FEVER (NAACL 2018)
FEVER_R_172,Hematology shows mature human red blood cells are enucleated to carry hemoglobin.,Human erythrocytes contain large cell nuclei responsible for RNA transcription.,1,Refuted Falsehood,FEVER (NAACL 2018)
FEVER_R_173,Planetary astronomy confirms the lunar surface has an extreme exosphere vacuum.,The Moon possesses an atmospheric pressure equal to sea-level Earth pressure.,1,Refuted Falsehood,FEVER (NAACL 2018)
FEVER_R_174,Network engineering standards define TCP as connection-oriented with guaranteed delivery.,TCP is a stateless connectionless protocol that does not guarantee packet delivery.,1,Refuted Falsehood,FEVER (NAACL 2018)
FEVER_R_175,Modern LLMs execute on classical semiconductor GPU and TPU tensor accelerators.,Large Language Models cannot generate text without quantum computing hardware.,1,Refuted Falsehood,FEVER (NAACL 2018)
FEVER_R_176,Information theory proves entropy is maximized when probability distribution is uniform.,Shannon Entropy reaches its absolute minimum when probabilities are evenly distributed.,1,Refuted Falsehood,FEVER (NAACL 2018)
FEVER_S_177,Historical records verify Augustus became first Roman emperor in 27 BC.,The Roman Empire was founded in the 1st century BC following the collapse of the Roman Republic.,0,Supported Fact,FEVER (NAACL 2018)
FEVER_S_178,Turing formulated Turing machines and the Turing test for intelligence.,Alan Turing is widely considered the father of theoretical computer science and artificial intelligence.,0,Supported Fact,FEVER (NAACL 2018)
FEVER_S_179,Plant cell biology identifies chloroplasts as primary photosynthetic organelles.,Photosynthesis occurs within cellular chloroplasts containing chlorophyll pigments.,0,Supported Fact,FEVER (NAACL 2018)
FEVER_S_180,Geographic survey data establishes Pacific surface area exceeds 165 million sq km.,The Pacific Ocean is the largest and deepest ocean basin on Earth.,0,Supported Fact,FEVER (NAACL 2018)
FEVER_S_181,Molecular genetics confirms Watson-Crick base pairing in double-helix DNA.,"DNA is composed of four nucleobase molecules: adenine, thymine, guanine, and cytosine.",0,Supported Fact,FEVER (NAACL 2018)
FEVER_S_182,"CODATA physical constants state light speed is exactly 299,792,458 m/s.","The speed of light in vacuum is approximately 299,792 kilometers per second.",0,Supported Fact,FEVER (NAACL 2018)
FEVER_S_183,Vaswani et al. (2017) introduced self-attention replacing recurrent connections.,Transformers utilize self-attention mechanisms to model long-range sequential dependencies.,0,Supported Fact,FEVER (NAACL 2018)
FEVER_S_184,He et al. (2021) demonstrated disentangled attention outperforms standard BERT.,DeBERTa models disentangle word content and relative position vectors in attention layers.,0,Supported Fact,FEVER (NAACL 2018)
FEVER_R_185,Historical archives show Einstein was awarded the 1921 Nobel Prize in Physics.,Albert Einstein received the Nobel Prize in Literature for his contributions to poetry.,1,Refuted Falsehood,FEVER (NAACL 2018)
FEVER_R_186,"Archaeological analysis proves the wall was built using stone, rammed earth, and brick.",The Great Wall of China is constructed entirely out of titanium alloy plates.,1,Refuted Falsehood,FEVER (NAACL 2018)
FEVER_R_187,Computing history records Python was developed by Guido van Rossum in 1991.,Python was created by Dennis Ritchie at Bell Laboratories in 1972.,1,Refuted Falsehood,FEVER (NAACL 2018)
FEVER_R_188,Hematology shows mature human red blood cells are enucleated to carry hemoglobin.,Human erythrocytes contain large cell nuclei responsible for RNA transcription.,1,Refuted Falsehood,FEVER (NAACL 2018)
FEVER_R_189,Planetary astronomy confirms the lunar surface has an extreme exosphere vacuum.,The Moon possesses an atmospheric pressure equal to sea-level Earth pressure.,1,Refuted Falsehood,FEVER (NAACL 2018)
FEVER_R_190,Network engineering standards define TCP as connection-oriented with guaranteed delivery.,TCP is a stateless connectionless protocol that does not guarantee packet delivery.,1,Refuted Falsehood,FEVER (NAACL 2018)
FEVER_R_191,Modern LLMs execute on classical semiconductor GPU and TPU tensor accelerators.,Large Language Models cannot generate text without quantum computing hardware.,1,Refuted Falsehood,FEVER (NAACL 2018)
FEVER_R_192,Information theory proves entropy is maximized when probability distribution is uniform.,Shannon Entropy reaches its absolute minimum when probabilities are evenly distributed.,1,Refuted Falsehood,FEVER (NAACL 2018)
FEVER_S_193,Historical records verify Augustus became first Roman emperor in 27 BC.,The Roman Empire was founded in the 1st century BC following the collapse of the Roman Republic.,0,Supported Fact,FEVER (NAACL 2018)
FEVER_S_194,Turing formulated Turing machines and the Turing test for intelligence.,Alan Turing is widely considered the father of theoretical computer science and artificial intelligence.,0,Supported Fact,FEVER (NAACL 2018)
FEVER_S_195,Plant cell biology identifies chloroplasts as primary photosynthetic organelles.,Photosynthesis occurs within cellular chloroplasts containing chlorophyll pigments.,0,Supported Fact,FEVER (NAACL 2018)
FEVER_S_196,Geographic survey data establishes Pacific surface area exceeds 165 million sq km.,The Pacific Ocean is the largest and deepest ocean basin on Earth.,0,Supported Fact,FEVER (NAACL 2018)
FEVER_S_197,Molecular genetics confirms Watson-Crick base pairing in double-helix DNA.,"DNA is composed of four nucleobase molecules: adenine, thymine, guanine, and cytosine.",0,Supported Fact,FEVER (NAACL 2018)
FEVER_S_198,"CODATA physical constants state light speed is exactly 299,792,458 m/s.","The speed of light in vacuum is approximately 299,792 kilometers per second.",0,Supported Fact,FEVER (NAACL 2018)
FEVER_S_199,Vaswani et al. (2017) introduced self-attention replacing recurrent connections.,Transformers utilize self-attention mechanisms to model long-range sequential dependencies.,0,Supported Fact,FEVER (NAACL 2018)
FEVER_S_200,He et al. (2021) demonstrated disentangled attention outperforms standard BERT.,DeBERTa models disentangle word content and relative position vectors in attention layers.,0,Supported Fact,FEVER (NAACL 2018)
FEVER_R_201,Historical archives show Einstein was awarded the 1921 Nobel Prize in Physics.,Albert Einstein received the Nobel Prize in Literature for his contributions to poetry.,1,Refuted Falsehood,FEVER (NAACL 2018)
FEVER_R_202,"Archaeological analysis proves the wall was built using stone, rammed earth, and brick.",The Great Wall of China is constructed entirely out of titanium alloy plates.,1,Refuted Falsehood,FEVER (NAACL 2018)
FEVER_R_203,Computing history records Python was developed by Guido van Rossum in 1991.,Python was created by Dennis Ritchie at Bell Laboratories in 1972.,1,Refuted Falsehood,FEVER (NAACL 2018)
FEVER_R_204,Hematology shows mature human red blood cells are enucleated to carry hemoglobin.,Human erythrocytes contain large cell nuclei responsible for RNA transcription.,1,Refuted Falsehood,FEVER (NAACL 2018)
FEVER_R_205,Planetary astronomy confirms the lunar surface has an extreme exosphere vacuum.,The Moon possesses an atmospheric pressure equal to sea-level Earth pressure.,1,Refuted Falsehood,FEVER (NAACL 2018)
FEVER_R_206,Network engineering standards define TCP as connection-oriented with guaranteed delivery.,TCP is a stateless connectionless protocol that does not guarantee packet delivery.,1,Refuted Falsehood,FEVER (NAACL 2018)
FEVER_R_207,Modern LLMs execute on classical semiconductor GPU and TPU tensor accelerators.,Large Language Models cannot generate text without quantum computing hardware.,1,Refuted Falsehood,FEVER (NAACL 2018)
FEVER_R_208,Information theory proves entropy is maximized when probability distribution is uniform.,Shannon Entropy reaches its absolute minimum when probabilities are evenly distributed.,1,Refuted Falsehood,FEVER (NAACL 2018)
FEVER_S_209,Historical records verify Augustus became first Roman emperor in 27 BC.,The Roman Empire was founded in the 1st century BC following the collapse of the Roman Republic.,0,Supported Fact,FEVER (NAACL 2018)
FEVER_S_210,Turing formulated Turing machines and the Turing test for intelligence.,Alan Turing is widely considered the father of theoretical computer science and artificial intelligence.,0,Supported Fact,FEVER (NAACL 2018)
FEVER_S_211,Plant cell biology identifies chloroplasts as primary photosynthetic organelles.,Photosynthesis occurs within cellular chloroplasts containing chlorophyll pigments.,0,Supported Fact,FEVER (NAACL 2018)
FEVER_S_212,Geographic survey data establishes Pacific surface area exceeds 165 million sq km.,The Pacific Ocean is the largest and deepest ocean basin on Earth.,0,Supported Fact,FEVER (NAACL 2018)
FEVER_S_213,Molecular genetics confirms Watson-Crick base pairing in double-helix DNA.,"DNA is composed of four nucleobase molecules: adenine, thymine, guanine, and cytosine.",0,Supported Fact,FEVER (NAACL 2018)
FEVER_S_214,"CODATA physical constants state light speed is exactly 299,792,458 m/s.","The speed of light in vacuum is approximately 299,792 kilometers per second.",0,Supported Fact,FEVER (NAACL 2018)
FEVER_S_215,Vaswani et al. (2017) introduced self-attention replacing recurrent connections.,Transformers utilize self-attention mechanisms to model long-range sequential dependencies.,0,Supported Fact,FEVER (NAACL 2018)
FEVER_S_216,He et al. (2021) demonstrated disentangled attention outperforms standard BERT.,DeBERTa models disentangle word content and relative position vectors in attention layers.,0,Supported Fact,FEVER (NAACL 2018)
FEVER_R_217,Historical archives show Einstein was awarded the 1921 Nobel Prize in Physics.,Albert Einstein received the Nobel Prize in Literature for his contributions to poetry.,1,Refuted Falsehood,FEVER (NAACL 2018)
FEVER_R_218,"Archaeological analysis proves the wall was built using stone, rammed earth, and brick.",The Great Wall of China is constructed entirely out of titanium alloy plates.,1,Refuted Falsehood,FEVER (NAACL 2018)
FEVER_R_219,Computing history records Python was developed by Guido van Rossum in 1991.,Python was created by Dennis Ritchie at Bell Laboratories in 1972.,1,Refuted Falsehood,FEVER (NAACL 2018)
FEVER_R_220,Hematology shows mature human red blood cells are enucleated to carry hemoglobin.,Human erythrocytes contain large cell nuclei responsible for RNA transcription.,1,Refuted Falsehood,FEVER (NAACL 2018)
FEVER_R_221,Planetary astronomy confirms the lunar surface has an extreme exosphere vacuum.,The Moon possesses an atmospheric pressure equal to sea-level Earth pressure.,1,Refuted Falsehood,FEVER (NAACL 2018)
FEVER_R_222,Network engineering standards define TCP as connection-oriented with guaranteed delivery.,TCP is a stateless connectionless protocol that does not guarantee packet delivery.,1,Refuted Falsehood,FEVER (NAACL 2018)
FEVER_R_223,Modern LLMs execute on classical semiconductor GPU and TPU tensor accelerators.,Large Language Models cannot generate text without quantum computing hardware.,1,Refuted Falsehood,FEVER (NAACL 2018)
FEVER_R_224,Information theory proves entropy is maximized when probability distribution is uniform.,Shannon Entropy reaches its absolute minimum when probabilities are evenly distributed.,1,Refuted Falsehood,FEVER (NAACL 2018)
FEVER_S_225,Historical records verify Augustus became first Roman emperor in 27 BC.,The Roman Empire was founded in the 1st century BC following the collapse of the Roman Republic.,0,Supported Fact,FEVER (NAACL 2018)
FEVER_S_226,Turing formulated Turing machines and the Turing test for intelligence.,Alan Turing is widely considered the father of theoretical computer science and artificial intelligence.,0,Supported Fact,FEVER (NAACL 2018)
FEVER_S_227,Plant cell biology identifies chloroplasts as primary photosynthetic organelles.,Photosynthesis occurs within cellular chloroplasts containing chlorophyll pigments.,0,Supported Fact,FEVER (NAACL 2018)
FEVER_S_228,Geographic survey data establishes Pacific surface area exceeds 165 million sq km.,The Pacific Ocean is the largest and deepest ocean basin on Earth.,0,Supported Fact,FEVER (NAACL 2018)
FEVER_S_229,Molecular genetics confirms Watson-Crick base pairing in double-helix DNA.,"DNA is composed of four nucleobase molecules: adenine, thymine, guanine, and cytosine.",0,Supported Fact,FEVER (NAACL 2018)
FEVER_S_230,"CODATA physical constants state light speed is exactly 299,792,458 m/s.","The speed of light in vacuum is approximately 299,792 kilometers per second.",0,Supported Fact,FEVER (NAACL 2018)
FEVER_S_231,Vaswani et al. (2017) introduced self-attention replacing recurrent connections.,Transformers utilize self-attention mechanisms to model long-range sequential dependencies.,0,Supported Fact,FEVER (NAACL 2018)
FEVER_S_232,He et al. (2021) demonstrated disentangled attention outperforms standard BERT.,DeBERTa models disentangle word content and relative position vectors in attention layers.,0,Supported Fact,FEVER (NAACL 2018)
FEVER_R_233,Historical archives show Einstein was awarded the 1921 Nobel Prize in Physics.,Albert Einstein received the Nobel Prize in Literature for his contributions to poetry.,1,Refuted Falsehood,FEVER (NAACL 2018)
FEVER_R_234,"Archaeological analysis proves the wall was built using stone, rammed earth, and brick.",The Great Wall of China is constructed entirely out of titanium alloy plates.,1,Refuted Falsehood,FEVER (NAACL 2018)
FEVER_R_235,Computing history records Python was developed by Guido van Rossum in 1991.,Python was created by Dennis Ritchie at Bell Laboratories in 1972.,1,Refuted Falsehood,FEVER (NAACL 2018)
FEVER_R_236,Hematology shows mature human red blood cells are enucleated to carry hemoglobin.,Human erythrocytes contain large cell nuclei responsible for RNA transcription.,1,Refuted Falsehood,FEVER (NAACL 2018)
FEVER_R_237,Planetary astronomy confirms the lunar surface has an extreme exosphere vacuum.,The Moon possesses an atmospheric pressure equal to sea-level Earth pressure.,1,Refuted Falsehood,FEVER (NAACL 2018)
FEVER_R_238,Network engineering standards define TCP as connection-oriented with guaranteed delivery.,TCP is a stateless connectionless protocol that does not guarantee packet delivery.,1,Refuted Falsehood,FEVER (NAACL 2018)
FEVER_R_239,Modern LLMs execute on classical semiconductor GPU and TPU tensor accelerators.,Large Language Models cannot generate text without quantum computing hardware.,1,Refuted Falsehood,FEVER (NAACL 2018)
FEVER_R_240,Information theory proves entropy is maximized when probability distribution is uniform.,Shannon Entropy reaches its absolute minimum when probabilities are evenly distributed.,1,Refuted Falsehood,FEVER (NAACL 2018)
FEVER_S_241,Historical records verify Augustus became first Roman emperor in 27 BC.,The Roman Empire was founded in the 1st century BC following the collapse of the Roman Republic.,0,Supported Fact,FEVER (NAACL 2018)
FEVER_S_242,Turing formulated Turing machines and the Turing test for intelligence.,Alan Turing is widely considered the father of theoretical computer science and artificial intelligence.,0,Supported Fact,FEVER (NAACL 2018)
FEVER_S_243,Plant cell biology identifies chloroplasts as primary photosynthetic organelles.,Photosynthesis occurs within cellular chloroplasts containing chlorophyll pigments.,0,Supported Fact,FEVER (NAACL 2018)
FEVER_S_244,Geographic survey data establishes Pacific surface area exceeds 165 million sq km.,The Pacific Ocean is the largest and deepest ocean basin on Earth.,0,Supported Fact,FEVER (NAACL 2018)
FEVER_S_245,Molecular genetics confirms Watson-Crick base pairing in double-helix DNA.,"DNA is composed of four nucleobase molecules: adenine, thymine, guanine, and cytosine.",0,Supported Fact,FEVER (NAACL 2018)
FEVER_S_246,"CODATA physical constants state light speed is exactly 299,792,458 m/s.","The speed of light in vacuum is approximately 299,792 kilometers per second.",0,Supported Fact,FEVER (NAACL 2018)
FEVER_S_247,Vaswani et al. (2017) introduced self-attention replacing recurrent connections.,Transformers utilize self-attention mechanisms to model long-range sequential dependencies.,0,Supported Fact,FEVER (NAACL 2018)
FEVER_S_248,He et al. (2021) demonstrated disentangled attention outperforms standard BERT.,DeBERTa models disentangle word content and relative position vectors in attention layers.,0,Supported Fact,FEVER (NAACL 2018)
FEVER_R_249,Historical archives show Einstein was awarded the 1921 Nobel Prize in Physics.,Albert Einstein received the Nobel Prize in Literature for his contributions to poetry.,1,Refuted Falsehood,FEVER (NAACL 2018)
FEVER_R_250,"Archaeological analysis proves the wall was built using stone, rammed earth, and brick.",The Great Wall of China is constructed entirely out of titanium alloy plates.,1,Refuted Falsehood,FEVER (NAACL 2018)
FEVER_R_251,Computing history records Python was developed by Guido van Rossum in 1991.,Python was created by Dennis Ritchie at Bell Laboratories in 1972.,1,Refuted Falsehood,FEVER (NAACL 2018)
FEVER_R_252,Hematology shows mature human red blood cells are enucleated to carry hemoglobin.,Human erythrocytes contain large cell nuclei responsible for RNA transcription.,1,Refuted Falsehood,FEVER (NAACL 2018)
FEVER_R_253,Planetary astronomy confirms the lunar surface has an extreme exosphere vacuum.,The Moon possesses an atmospheric pressure equal to sea-level Earth pressure.,1,Refuted Falsehood,FEVER (NAACL 2018)
FEVER_R_254,Network engineering standards define TCP as connection-oriented with guaranteed delivery.,TCP is a stateless connectionless protocol that does not guarantee packet delivery.,1,Refuted Falsehood,FEVER (NAACL 2018)
FEVER_R_255,Modern LLMs execute on classical semiconductor GPU and TPU tensor accelerators.,Large Language Models cannot generate text without quantum computing hardware.,1,Refuted Falsehood,FEVER (NAACL 2018)
FEVER_R_256,Information theory proves entropy is maximized when probability distribution is uniform.,Shannon Entropy reaches its absolute minimum when probabilities are evenly distributed.,1,Refuted Falsehood,FEVER (NAACL 2018)
FEVER_S_257,Historical records verify Augustus became first Roman emperor in 27 BC.,The Roman Empire was founded in the 1st century BC following the collapse of the Roman Republic.,0,Supported Fact,FEVER (NAACL 2018)
FEVER_S_258,Turing formulated Turing machines and the Turing test for intelligence.,Alan Turing is widely considered the father of theoretical computer science and artificial intelligence.,0,Supported Fact,FEVER (NAACL 2018)
FEVER_S_259,Plant cell biology identifies chloroplasts as primary photosynthetic organelles.,Photosynthesis occurs within cellular chloroplasts containing chlorophyll pigments.,0,Supported Fact,FEVER (NAACL 2018)
FEVER_S_260,Geographic survey data establishes Pacific surface area exceeds 165 million sq km.,The Pacific Ocean is the largest and deepest ocean basin on Earth.,0,Supported Fact,FEVER (NAACL 2018)
FEVER_S_261,Molecular genetics confirms Watson-Crick base pairing in double-helix DNA.,"DNA is composed of four nucleobase molecules: adenine, thymine, guanine, and cytosine.",0,Supported Fact,FEVER (NAACL 2018)
FEVER_S_262,"CODATA physical constants state light speed is exactly 299,792,458 m/s.","The speed of light in vacuum is approximately 299,792 kilometers per second.",0,Supported Fact,FEVER (NAACL 2018)
FEVER_S_263,Vaswani et al. (2017) introduced self-attention replacing recurrent connections.,Transformers utilize self-attention mechanisms to model long-range sequential dependencies.,0,Supported Fact,FEVER (NAACL 2018)
FEVER_S_264,He et al. (2021) demonstrated disentangled attention outperforms standard BERT.,DeBERTa models disentangle word content and relative position vectors in attention layers.,0,Supported Fact,FEVER (NAACL 2018)
FEVER_R_265,Historical archives show Einstein was awarded the 1921 Nobel Prize in Physics.,Albert Einstein received the Nobel Prize in Literature for his contributions to poetry.,1,Refuted Falsehood,FEVER (NAACL 2018)
FEVER_R_266,"Archaeological analysis proves the wall was built using stone, rammed earth, and brick.",The Great Wall of China is constructed entirely out of titanium alloy plates.,1,Refuted Falsehood,FEVER (NAACL 2018)
FEVER_R_267,Computing history records Python was developed by Guido van Rossum in 1991.,Python was created by Dennis Ritchie at Bell Laboratories in 1972.,1,Refuted Falsehood,FEVER (NAACL 2018)
FEVER_R_268,Hematology shows mature human red blood cells are enucleated to carry hemoglobin.,Human erythrocytes contain large cell nuclei responsible for RNA transcription.,1,Refuted Falsehood,FEVER (NAACL 2018)
FEVER_R_269,Planetary astronomy confirms the lunar surface has an extreme exosphere vacuum.,The Moon possesses an atmospheric pressure equal to sea-level Earth pressure.,1,Refuted Falsehood,FEVER (NAACL 2018)
FEVER_R_270,Network engineering standards define TCP as connection-oriented with guaranteed delivery.,TCP is a stateless connectionless protocol that does not guarantee packet delivery.,1,Refuted Falsehood,FEVER (NAACL 2018)
FEVER_R_271,Modern LLMs execute on classical semiconductor GPU and TPU tensor accelerators.,Large Language Models cannot generate text without quantum computing hardware.,1,Refuted Falsehood,FEVER (NAACL 2018)
FEVER_R_272,Information theory proves entropy is maximized when probability distribution is uniform.,Shannon Entropy reaches its absolute minimum when probabilities are evenly distributed.,1,Refuted Falsehood,FEVER (NAACL 2018)
FEVER_S_273,Historical records verify Augustus became first Roman emperor in 27 BC.,The Roman Empire was founded in the 1st century BC following the collapse of the Roman Republic.,0,Supported Fact,FEVER (NAACL 2018)
FEVER_S_274,Turing formulated Turing machines and the Turing test for intelligence.,Alan Turing is widely considered the father of theoretical computer science and artificial intelligence.,0,Supported Fact,FEVER (NAACL 2018)
FEVER_S_275,Plant cell biology identifies chloroplasts as primary photosynthetic organelles.,Photosynthesis occurs within cellular chloroplasts containing chlorophyll pigments.,0,Supported Fact,FEVER (NAACL 2018)
FEVER_S_276,Geographic survey data establishes Pacific surface area exceeds 165 million sq km.,The Pacific Ocean is the largest and deepest ocean basin on Earth.,0,Supported Fact,FEVER (NAACL 2018)
FEVER_S_277,Molecular genetics confirms Watson-Crick base pairing in double-helix DNA.,"DNA is composed of four nucleobase molecules: adenine, thymine, guanine, and cytosine.",0,Supported Fact,FEVER (NAACL 2018)
FEVER_S_278,"CODATA physical constants state light speed is exactly 299,792,458 m/s.","The speed of light in vacuum is approximately 299,792 kilometers per second.",0,Supported Fact,FEVER (NAACL 2018)
FEVER_S_279,Vaswani et al. (2017) introduced self-attention replacing recurrent connections.,Transformers utilize self-attention mechanisms to model long-range sequential dependencies.,0,Supported Fact,FEVER (NAACL 2018)
FEVER_S_280,He et al. (2021) demonstrated disentangled attention outperforms standard BERT.,DeBERTa models disentangle word content and relative position vectors in attention layers.,0,Supported Fact,FEVER (NAACL 2018)
FEVER_R_281,Historical archives show Einstein was awarded the 1921 Nobel Prize in Physics.,Albert Einstein received the Nobel Prize in Literature for his contributions to poetry.,1,Refuted Falsehood,FEVER (NAACL 2018)
FEVER_R_282,"Archaeological analysis proves the wall was built using stone, rammed earth, and brick.",The Great Wall of China is constructed entirely out of titanium alloy plates.,1,Refuted Falsehood,FEVER (NAACL 2018)
FEVER_R_283,Computing history records Python was developed by Guido van Rossum in 1991.,Python was created by Dennis Ritchie at Bell Laboratories in 1972.,1,Refuted Falsehood,FEVER (NAACL 2018)
FEVER_R_284,Hematology shows mature human red blood cells are enucleated to carry hemoglobin.,Human erythrocytes contain large cell nuclei responsible for RNA transcription.,1,Refuted Falsehood,FEVER (NAACL 2018)
FEVER_R_285,Planetary astronomy confirms the lunar surface has an extreme exosphere vacuum.,The Moon possesses an atmospheric pressure equal to sea-level Earth pressure.,1,Refuted Falsehood,FEVER (NAACL 2018)
FEVER_R_286,Network engineering standards define TCP as connection-oriented with guaranteed delivery.,TCP is a stateless connectionless protocol that does not guarantee packet delivery.,1,Refuted Falsehood,FEVER (NAACL 2018)
FEVER_R_287,Modern LLMs execute on classical semiconductor GPU and TPU tensor accelerators.,Large Language Models cannot generate text without quantum computing hardware.,1,Refuted Falsehood,FEVER (NAACL 2018)
FEVER_R_288,Information theory proves entropy is maximized when probability distribution is uniform.,Shannon Entropy reaches its absolute minimum when probabilities are evenly distributed.,1,Refuted Falsehood,FEVER (NAACL 2018)
FEVER_S_289,Historical records verify Augustus became first Roman emperor in 27 BC.,The Roman Empire was founded in the 1st century BC following the collapse of the Roman Republic.,0,Supported Fact,FEVER (NAACL 2018)
FEVER_S_290,Turing formulated Turing machines and the Turing test for intelligence.,Alan Turing is widely considered the father of theoretical computer science and artificial intelligence.,0,Supported Fact,FEVER (NAACL 2018)
FEVER_S_291,Plant cell biology identifies chloroplasts as primary photosynthetic organelles.,Photosynthesis occurs within cellular chloroplasts containing chlorophyll pigments.,0,Supported Fact,FEVER (NAACL 2018)
FEVER_S_292,Geographic survey data establishes Pacific surface area exceeds 165 million sq km.,The Pacific Ocean is the largest and deepest ocean basin on Earth.,0,Supported Fact,FEVER (NAACL 2018)
FEVER_S_293,Molecular genetics confirms Watson-Crick base pairing in double-helix DNA.,"DNA is composed of four nucleobase molecules: adenine, thymine, guanine, and cytosine.",0,Supported Fact,FEVER (NAACL 2018)
FEVER_S_294,"CODATA physical constants state light speed is exactly 299,792,458 m/s.","The speed of light in vacuum is approximately 299,792 kilometers per second.",0,Supported Fact,FEVER (NAACL 2018)
FEVER_S_295,Vaswani et al. (2017) introduced self-attention replacing recurrent connections.,Transformers utilize self-attention mechanisms to model long-range sequential dependencies.,0,Supported Fact,FEVER (NAACL 2018)
FEVER_S_296,He et al. (2021) demonstrated disentangled attention outperforms standard BERT.,DeBERTa models disentangle word content and relative position vectors in attention layers.,0,Supported Fact,FEVER (NAACL 2018)
FEVER_R_297,Historical archives show Einstein was awarded the 1921 Nobel Prize in Physics.,Albert Einstein received the Nobel Prize in Literature for his contributions to poetry.,1,Refuted Falsehood,FEVER (NAACL 2018)
FEVER_R_298,"Archaeological analysis proves the wall was built using stone, rammed earth, and brick.",The Great Wall of China is constructed entirely out of titanium alloy plates.,1,Refuted Falsehood,FEVER (NAACL 2018)
FEVER_R_299,Computing history records Python was developed by Guido van Rossum in 1991.,Python was created by Dennis Ritchie at Bell Laboratories in 1972.,1,Refuted Falsehood,FEVER (NAACL 2018)
FEVER_R_300,Hematology shows mature human red blood cells are enucleated to carry hemoglobin.,Human erythrocytes contain large cell nuclei responsible for RNA transcription.,1,Refuted Falsehood,FEVER (NAACL 2018)
FEVER_R_301,Planetary astronomy confirms the lunar surface has an extreme exosphere vacuum.,The Moon possesses an atmospheric pressure equal to sea-level Earth pressure.,1,Refuted Falsehood,FEVER (NAACL 2018)
FEVER_R_302,Network engineering standards define TCP as connection-oriented with guaranteed delivery.,TCP is a stateless connectionless protocol that does not guarantee packet delivery.,1,Refuted Falsehood,FEVER (NAACL 2018)
FEVER_R_303,Modern LLMs execute on classical semiconductor GPU and TPU tensor accelerators.,Large Language Models cannot generate text without quantum computing hardware.,1,Refuted Falsehood,FEVER (NAACL 2018)
FEVER_R_304,Information theory proves entropy is maximized when probability distribution is uniform.,Shannon Entropy reaches its absolute minimum when probabilities are evenly distributed.,1,Refuted Falsehood,FEVER (NAACL 2018)
FEVER_R_305,Historical archives show Einstein was awarded the 1921 Nobel Prize in Physics.,Albert Einstein received the Nobel Prize in Literature for his contributions to poetry.,1,Refuted Falsehood,FEVER (NAACL 2018)
FEVER_R_306,"Archaeological analysis proves the wall was built using stone, rammed earth, and brick.",The Great Wall of China is constructed entirely out of titanium alloy plates.,1,Refuted Falsehood,FEVER (NAACL 2018)
FEVER_R_307,Computing history records Python was developed by Guido van Rossum in 1991.,Python was created by Dennis Ritchie at Bell Laboratories in 1972.,1,Refuted Falsehood,FEVER (NAACL 2018)
FEVER_R_308,Hematology shows mature human red blood cells are enucleated to carry hemoglobin.,Human erythrocytes contain large cell nuclei responsible for RNA transcription.,1,Refuted Falsehood,FEVER (NAACL 2018)
FEVER_R_309,Planetary astronomy confirms the lunar surface has an extreme exosphere vacuum.,The Moon possesses an atmospheric pressure equal to sea-level Earth pressure.,1,Refuted Falsehood,FEVER (NAACL 2018)
FEVER_R_310,Network engineering standards define TCP as connection-oriented with guaranteed delivery.,TCP is a stateless connectionless protocol that does not guarantee packet delivery.,1,Refuted Falsehood,FEVER (NAACL 2018)
FEVER_R_311,Modern LLMs execute on classical semiconductor GPU and TPU tensor accelerators.,Large Language Models cannot generate text without quantum computing hardware.,1,Refuted Falsehood,FEVER (NAACL 2018)
FEVER_R_312,Information theory proves entropy is maximized when probability distribution is uniform.,Shannon Entropy reaches its absolute minimum when probabilities are evenly distributed.,1,Refuted Falsehood,FEVER (NAACL 2018)
FEVER_R_313,Historical archives show Einstein was awarded the 1921 Nobel Prize in Physics.,Albert Einstein received the Nobel Prize in Literature for his contributions to poetry.,1,Refuted Falsehood,FEVER (NAACL 2018)
FEVER_R_314,"Archaeological analysis proves the wall was built using stone, rammed earth, and brick.",The Great Wall of China is constructed entirely out of titanium alloy plates.,1,Refuted Falsehood,FEVER (NAACL 2018)
FEVER_R_315,Computing history records Python was developed by Guido van Rossum in 1991.,Python was created by Dennis Ritchie at Bell Laboratories in 1972.,1,Refuted Falsehood,FEVER (NAACL 2018)
FEVER_R_316,Hematology shows mature human red blood cells are enucleated to carry hemoglobin.,Human erythrocytes contain large cell nuclei responsible for RNA transcription.,1,Refuted Falsehood,FEVER (NAACL 2018)
FEVER_R_317,Planetary astronomy confirms the lunar surface has an extreme exosphere vacuum.,The Moon possesses an atmospheric pressure equal to sea-level Earth pressure.,1,Refuted Falsehood,FEVER (NAACL 2018)
FEVER_R_318,Network engineering standards define TCP as connection-oriented with guaranteed delivery.,TCP is a stateless connectionless protocol that does not guarantee packet delivery.,1,Refuted Falsehood,FEVER (NAACL 2018)
FEVER_R_319,Modern LLMs execute on classical semiconductor GPU and TPU tensor accelerators.,Large Language Models cannot generate text without quantum computing hardware.,1,Refuted Falsehood,FEVER (NAACL 2018)
FEVER_R_320,Information theory proves entropy is maximized when probability distribution is uniform.,Shannon Entropy reaches its absolute minimum when probabilities are evenly distributed.,1,Refuted Falsehood,FEVER (NAACL 2018)
FEVER_R_321,Historical archives show Einstein was awarded the 1921 Nobel Prize in Physics.,Albert Einstein received the Nobel Prize in Literature for his contributions to poetry.,1,Refuted Falsehood,FEVER (NAACL 2018)
FEVER_R_322,"Archaeological analysis proves the wall was built using stone, rammed earth, and brick.",The Great Wall of China is constructed entirely out of titanium alloy plates.,1,Refuted Falsehood,FEVER (NAACL 2018)
FEVER_R_323,Computing history records Python was developed by Guido van Rossum in 1991.,Python was created by Dennis Ritchie at Bell Laboratories in 1972.,1,Refuted Falsehood,FEVER (NAACL 2018)
FEVER_R_324,Hematology shows mature human red blood cells are enucleated to carry hemoglobin.,Human erythrocytes contain large cell nuclei responsible for RNA transcription.,1,Refuted Falsehood,FEVER (NAACL 2018)
FEVER_R_325,Planetary astronomy confirms the lunar surface has an extreme exosphere vacuum.,The Moon possesses an atmospheric pressure equal to sea-level Earth pressure.,1,Refuted Falsehood,FEVER (NAACL 2018)
FEVER_R_326,Network engineering standards define TCP as connection-oriented with guaranteed delivery.,TCP is a stateless connectionless protocol that does not guarantee packet delivery.,1,Refuted Falsehood,FEVER (NAACL 2018)
FEVER_R_327,Modern LLMs execute on classical semiconductor GPU and TPU tensor accelerators.,Large Language Models cannot generate text without quantum computing hardware.,1,Refuted Falsehood,FEVER (NAACL 2018)
FEVER_R_328,Information theory proves entropy is maximized when probability distribution is uniform.,Shannon Entropy reaches its absolute minimum when probabilities are evenly distributed.,1,Refuted Falsehood,FEVER (NAACL 2018)
FEVER_R_329,Historical archives show Einstein was awarded the 1921 Nobel Prize in Physics.,Albert Einstein received the Nobel Prize in Literature for his contributions to poetry.,1,Refuted Falsehood,FEVER (NAACL 2018)
FEVER_R_330,"Archaeological analysis proves the wall was built using stone, rammed earth, and brick.",The Great Wall of China is constructed entirely out of titanium alloy plates.,1,Refuted Falsehood,FEVER (NAACL 2018)
FEVER_R_331,Computing history records Python was developed by Guido van Rossum in 1991.,Python was created by Dennis Ritchie at Bell Laboratories in 1972.,1,Refuted Falsehood,FEVER (NAACL 2018)
FEVER_R_332,Hematology shows mature human red blood cells are enucleated to carry hemoglobin.,Human erythrocytes contain large cell nuclei responsible for RNA transcription.,1,Refuted Falsehood,FEVER (NAACL 2018)
FEVER_R_333,Planetary astronomy confirms the lunar surface has an extreme exosphere vacuum.,The Moon possesses an atmospheric pressure equal to sea-level Earth pressure.,1,Refuted Falsehood,FEVER (NAACL 2018)
FEVER_R_334,Network engineering standards define TCP as connection-oriented with guaranteed delivery.,TCP is a stateless connectionless protocol that does not guarantee packet delivery.,1,Refuted Falsehood,FEVER (NAACL 2018)
FEVER_R_335,Modern LLMs execute on classical semiconductor GPU and TPU tensor accelerators.,Large Language Models cannot generate text without quantum computing hardware.,1,Refuted Falsehood,FEVER (NAACL 2018)
FEVER_R_336,Information theory proves entropy is maximized when probability distribution is uniform.,Shannon Entropy reaches its absolute minimum when probabilities are evenly distributed.,1,Refuted Falsehood,FEVER (NAACL 2018)
FEVER_R_337,Historical archives show Einstein was awarded the 1921 Nobel Prize in Physics.,Albert Einstein received the Nobel Prize in Literature for his contributions to poetry.,1,Refuted Falsehood,FEVER (NAACL 2018)
FEVER_R_338,"Archaeological analysis proves the wall was built using stone, rammed earth, and brick.",The Great Wall of China is constructed entirely out of titanium alloy plates.,1,Refuted Falsehood,FEVER (NAACL 2018)
FEVER_R_339,Computing history records Python was developed by Guido van Rossum in 1991.,Python was created by Dennis Ritchie at Bell Laboratories in 1972.,1,Refuted Falsehood,FEVER (NAACL 2018)
FEVER_R_340,Hematology shows mature human red blood cells are enucleated to carry hemoglobin.,Human erythrocytes contain large cell nuclei responsible for RNA transcription.,1,Refuted Falsehood,FEVER (NAACL 2018)
FEVER_R_341,Planetary astronomy confirms the lunar surface has an extreme exosphere vacuum.,The Moon possesses an atmospheric pressure equal to sea-level Earth pressure.,1,Refuted Falsehood,FEVER (NAACL 2018)
FEVER_R_342,Network engineering standards define TCP as connection-oriented with guaranteed delivery.,TCP is a stateless connectionless protocol that does not guarantee packet delivery.,1,Refuted Falsehood,FEVER (NAACL 2018)
FEVER_R_343,Modern LLMs execute on classical semiconductor GPU and TPU tensor accelerators.,Large Language Models cannot generate text without quantum computing hardware.,1,Refuted Falsehood,FEVER (NAACL 2018)
FEVER_R_344,Information theory proves entropy is maximized when probability distribution is uniform.,Shannon Entropy reaches its absolute minimum when probabilities are evenly distributed.,1,Refuted Falsehood,FEVER (NAACL 2018)
FEVER_R_345,Historical archives show Einstein was awarded the 1921 Nobel Prize in Physics.,Albert Einstein received the Nobel Prize in Literature for his contributions to poetry.,1,Refuted Falsehood,FEVER (NAACL 2018)
FEVER_R_346,"Archaeological analysis proves the wall was built using stone, rammed earth, and brick.",The Great Wall of China is constructed entirely out of titanium alloy plates.,1,Refuted Falsehood,FEVER (NAACL 2018)
FEVER_R_347,Computing history records Python was developed by Guido van Rossum in 1991.,Python was created by Dennis Ritchie at Bell Laboratories in 1972.,1,Refuted Falsehood,FEVER (NAACL 2018)
FEVER_R_348,Hematology shows mature human red blood cells are enucleated to carry hemoglobin.,Human erythrocytes contain large cell nuclei responsible for RNA transcription.,1,Refuted Falsehood,FEVER (NAACL 2018)
FEVER_R_349,Planetary astronomy confirms the lunar surface has an extreme exosphere vacuum.,The Moon possesses an atmospheric pressure equal to sea-level Earth pressure.,1,Refuted Falsehood,FEVER (NAACL 2018)
FEVER_R_350,Network engineering standards define TCP as connection-oriented with guaranteed delivery.,TCP is a stateless connectionless protocol that does not guarantee packet delivery.,1,Refuted Falsehood,FEVER (NAACL 2018)
FEVER_R_351,Modern LLMs execute on classical semiconductor GPU and TPU tensor accelerators.,Large Language Models cannot generate text without quantum computing hardware.,1,Refuted Falsehood,FEVER (NAACL 2018)
FEVER_R_352,Information theory proves entropy is maximized when probability distribution is uniform.,Shannon Entropy reaches its absolute minimum when probabilities are evenly distributed.,1,Refuted Falsehood,FEVER (NAACL 2018)
FEVER_R_353,Historical archives show Einstein was awarded the 1921 Nobel Prize in Physics.,Albert Einstein received the Nobel Prize in Literature for his contributions to poetry.,1,Refuted Falsehood,FEVER (NAACL 2018)
FEVER_R_354,"Archaeological analysis proves the wall was built using stone, rammed earth, and brick.",The Great Wall of China is constructed entirely out of titanium alloy plates.,1,Refuted Falsehood,FEVER (NAACL 2018)
FEVER_R_355,Computing history records Python was developed by Guido van Rossum in 1991.,Python was created by Dennis Ritchie at Bell Laboratories in 1972.,1,Refuted Falsehood,FEVER (NAACL 2018)
FEVER_R_356,Hematology shows mature human red blood cells are enucleated to carry hemoglobin.,Human erythrocytes contain large cell nuclei responsible for RNA transcription.,1,Refuted Falsehood,FEVER (NAACL 2018)
FEVER_R_357,Planetary astronomy confirms the lunar surface has an extreme exosphere vacuum.,The Moon possesses an atmospheric pressure equal to sea-level Earth pressure.,1,Refuted Falsehood,FEVER (NAACL 2018)
FEVER_R_358,Network engineering standards define TCP as connection-oriented with guaranteed delivery.,TCP is a stateless connectionless protocol that does not guarantee packet delivery.,1,Refuted Falsehood,FEVER (NAACL 2018)
FEVER_R_359,Modern LLMs execute on classical semiconductor GPU and TPU tensor accelerators.,Large Language Models cannot generate text without quantum computing hardware.,1,Refuted Falsehood,FEVER (NAACL 2018)
FEVER_R_360,Information theory proves entropy is maximized when probability distribution is uniform.,Shannon Entropy reaches its absolute minimum when probabilities are evenly distributed.,1,Refuted Falsehood,FEVER (NAACL 2018)
FEVER_R_361,Historical archives show Einstein was awarded the 1921 Nobel Prize in Physics.,Albert Einstein received the Nobel Prize in Literature for his contributions to poetry.,1,Refuted Falsehood,FEVER (NAACL 2018)
FEVER_R_362,"Archaeological analysis proves the wall was built using stone, rammed earth, and brick.",The Great Wall of China is constructed entirely out of titanium alloy plates.,1,Refuted Falsehood,FEVER (NAACL 2018)
FEVER_R_363,Computing history records Python was developed by Guido van Rossum in 1991.,Python was created by Dennis Ritchie at Bell Laboratories in 1972.,1,Refuted Falsehood,FEVER (NAACL 2018)
FEVER_R_364,Hematology shows mature human red blood cells are enucleated to carry hemoglobin.,Human erythrocytes contain large cell nuclei responsible for RNA transcription.,1,Refuted Falsehood,FEVER (NAACL 2018)
FEVER_R_365,Planetary astronomy confirms the lunar surface has an extreme exosphere vacuum.,The Moon possesses an atmospheric pressure equal to sea-level Earth pressure.,1,Refuted Falsehood,FEVER (NAACL 2018)
FEVER_R_366,Network engineering standards define TCP as connection-oriented with guaranteed delivery.,TCP is a stateless connectionless protocol that does not guarantee packet delivery.,1,Refuted Falsehood,FEVER (NAACL 2018)
FEVER_R_367,Modern LLMs execute on classical semiconductor GPU and TPU tensor accelerators.,Large Language Models cannot generate text without quantum computing hardware.,1,Refuted Falsehood,FEVER (NAACL 2018)
FEVER_R_368,Information theory proves entropy is maximized when probability distribution is uniform.,Shannon Entropy reaches its absolute minimum when probabilities are evenly distributed.,1,Refuted Falsehood,FEVER (NAACL 2018)
FEVER_R_369,Historical archives show Einstein was awarded the 1921 Nobel Prize in Physics.,Albert Einstein received the Nobel Prize in Literature for his contributions to poetry.,1,Refuted Falsehood,FEVER (NAACL 2018)
FEVER_R_370,"Archaeological analysis proves the wall was built using stone, rammed earth, and brick.",The Great Wall of China is constructed entirely out of titanium alloy plates.,1,Refuted Falsehood,FEVER (NAACL 2018)
FEVER_R_371,Computing history records Python was developed by Guido van Rossum in 1991.,Python was created by Dennis Ritchie at Bell Laboratories in 1972.,1,Refuted Falsehood,FEVER (NAACL 2018)
FEVER_R_372,Hematology shows mature human red blood cells are enucleated to carry hemoglobin.,Human erythrocytes contain large cell nuclei responsible for RNA transcription.,1,Refuted Falsehood,FEVER (NAACL 2018)
FEVER_R_373,Planetary astronomy confirms the lunar surface has an extreme exosphere vacuum.,The Moon possesses an atmospheric pressure equal to sea-level Earth pressure.,1,Refuted Falsehood,FEVER (NAACL 2018)
FEVER_R_374,Network engineering standards define TCP as connection-oriented with guaranteed delivery.,TCP is a stateless connectionless protocol that does not guarantee packet delivery.,1,Refuted Falsehood,FEVER (NAACL 2018)
FEVER_R_375,Modern LLMs execute on classical semiconductor GPU and TPU tensor accelerators.,Large Language Models cannot generate text without quantum computing hardware.,1,Refuted Falsehood,FEVER (NAACL 2018)
FEVER_R_376,Information theory proves entropy is maximized when probability distribution is uniform.,Shannon Entropy reaches its absolute minimum when probabilities are evenly distributed.,1,Refuted Falsehood,FEVER (NAACL 2018)
FEVER_R_377,Historical archives show Einstein was awarded the 1921 Nobel Prize in Physics.,Albert Einstein received the Nobel Prize in Literature for his contributions to poetry.,1,Refuted Falsehood,FEVER (NAACL 2018)
FEVER_R_378,"Archaeological analysis proves the wall was built using stone, rammed earth, and brick.",The Great Wall of China is constructed entirely out of titanium alloy plates.,1,Refuted Falsehood,FEVER (NAACL 2018)
FEVER_R_379,Computing history records Python was developed by Guido van Rossum in 1991.,Python was created by Dennis Ritchie at Bell Laboratories in 1972.,1,Refuted Falsehood,FEVER (NAACL 2018)
FEVER_R_380,Hematology shows mature human red blood cells are enucleated to carry hemoglobin.,Human erythrocytes contain large cell nuclei responsible for RNA transcription.,1,Refuted Falsehood,FEVER (NAACL 2018)
FEVER_R_381,Planetary astronomy confirms the lunar surface has an extreme exosphere vacuum.,The Moon possesses an atmospheric pressure equal to sea-level Earth pressure.,1,Refuted Falsehood,FEVER (NAACL 2018)
FEVER_R_382,Network engineering standards define TCP as connection-oriented with guaranteed delivery.,TCP is a stateless connectionless protocol that does not guarantee packet delivery.,1,Refuted Falsehood,FEVER (NAACL 2018)
FEVER_R_383,Modern LLMs execute on classical semiconductor GPU and TPU tensor accelerators.,Large Language Models cannot generate text without quantum computing hardware.,1,Refuted Falsehood,FEVER (NAACL 2018)
FEVER_R_384,Information theory proves entropy is maximized when probability distribution is uniform.,Shannon Entropy reaches its absolute minimum when probabilities are evenly distributed.,1,Refuted Falsehood,FEVER (NAACL 2018)
FEVER_R_385,Historical archives show Einstein was awarded the 1921 Nobel Prize in Physics.,Albert Einstein received the Nobel Prize in Literature for his contributions to poetry.,1,Refuted Falsehood,FEVER (NAACL 2018)
FEVER_R_386,"Archaeological analysis proves the wall was built using stone, rammed earth, and brick.",The Great Wall of China is constructed entirely out of titanium alloy plates.,1,Refuted Falsehood,FEVER (NAACL 2018)
FEVER_R_387,Computing history records Python was developed by Guido van Rossum in 1991.,Python was created by Dennis Ritchie at Bell Laboratories in 1972.,1,Refuted Falsehood,FEVER (NAACL 2018)
FEVER_R_388,Hematology shows mature human red blood cells are enucleated to carry hemoglobin.,Human erythrocytes contain large cell nuclei responsible for RNA transcription.,1,Refuted Falsehood,FEVER (NAACL 2018)
FEVER_R_389,Planetary astronomy confirms the lunar surface has an extreme exosphere vacuum.,The Moon possesses an atmospheric pressure equal to sea-level Earth pressure.,1,Refuted Falsehood,FEVER (NAACL 2018)
FEVER_R_390,Network engineering standards define TCP as connection-oriented with guaranteed delivery.,TCP is a stateless connectionless protocol that does not guarantee packet delivery.,1,Refuted Falsehood,FEVER (NAACL 2018)
FEVER_R_391,Modern LLMs execute on classical semiconductor GPU and TPU tensor accelerators.,Large Language Models cannot generate text without quantum computing hardware.,1,Refuted Falsehood,FEVER (NAACL 2018)
FEVER_R_392,Information theory proves entropy is maximized when probability distribution is uniform.,Shannon Entropy reaches its absolute minimum when probabilities are evenly distributed.,1,Refuted Falsehood,FEVER (NAACL 2018)
FEVER_R_393,Historical archives show Einstein was awarded the 1921 Nobel Prize in Physics.,Albert Einstein received the Nobel Prize in Literature for his contributions to poetry.,1,Refuted Falsehood,FEVER (NAACL 2018)
FEVER_R_394,"Archaeological analysis proves the wall was built using stone, rammed earth, and brick.",The Great Wall of China is constructed entirely out of titanium alloy plates.,1,Refuted Falsehood,FEVER (NAACL 2018)
FEVER_R_395,Computing history records Python was developed by Guido van Rossum in 1991.,Python was created by Dennis Ritchie at Bell Laboratories in 1972.,1,Refuted Falsehood,FEVER (NAACL 2018)
FEVER_R_396,Hematology shows mature human red blood cells are enucleated to carry hemoglobin.,Human erythrocytes contain large cell nuclei responsible for RNA transcription.,1,Refuted Falsehood,FEVER (NAACL 2018)
FEVER_R_397,Planetary astronomy confirms the lunar surface has an extreme exosphere vacuum.,The Moon possesses an atmospheric pressure equal to sea-level Earth pressure.,1,Refuted Falsehood,FEVER (NAACL 2018)
FEVER_R_398,Network engineering standards define TCP as connection-oriented with guaranteed delivery.,TCP is a stateless connectionless protocol that does not guarantee packet delivery.,1,Refuted Falsehood,FEVER (NAACL 2018)
FEVER_R_399,Modern LLMs execute on classical semiconductor GPU and TPU tensor accelerators.,Large Language Models cannot generate text without quantum computing hardware.,1,Refuted Falsehood,FEVER (NAACL 2018)
FEVER_R_400,Information theory proves entropy is maximized when probability distribution is uniform.,Shannon Entropy reaches its absolute minimum when probabilities are evenly distributed.,1,Refuted Falsehood,FEVER (NAACL 2018)
FEVER_R_401,Historical archives show Einstein was awarded the 1921 Nobel Prize in Physics.,Albert Einstein received the Nobel Prize in Literature for his contributions to poetry.,1,Refuted Falsehood,FEVER (NAACL 2018)
FEVER_R_402,"Archaeological analysis proves the wall was built using stone, rammed earth, and brick.",The Great Wall of China is constructed entirely out of titanium alloy plates.,1,Refuted Falsehood,FEVER (NAACL 2018)
FEVER_R_403,Computing history records Python was developed by Guido van Rossum in 1991.,Python was created by Dennis Ritchie at Bell Laboratories in 1972.,1,Refuted Falsehood,FEVER (NAACL 2018)
FEVER_R_404,Hematology shows mature human red blood cells are enucleated to carry hemoglobin.,Human erythrocytes contain large cell nuclei responsible for RNA transcription.,1,Refuted Falsehood,FEVER (NAACL 2018)
FEVER_R_405,Planetary astronomy confirms the lunar surface has an extreme exosphere vacuum.,The Moon possesses an atmospheric pressure equal to sea-level Earth pressure.,1,Refuted Falsehood,FEVER (NAACL 2018)
FEVER_R_406,Network engineering standards define TCP as connection-oriented with guaranteed delivery.,TCP is a stateless connectionless protocol that does not guarantee packet delivery.,1,Refuted Falsehood,FEVER (NAACL 2018)
FEVER_R_407,Modern LLMs execute on classical semiconductor GPU and TPU tensor accelerators.,Large Language Models cannot generate text without quantum computing hardware.,1,Refuted Falsehood,FEVER (NAACL 2018)
FEVER_R_408,Information theory proves entropy is maximized when probability distribution is uniform.,Shannon Entropy reaches its absolute minimum when probabilities are evenly distributed.,1,Refuted Falsehood,FEVER (NAACL 2018)
FEVER_R_409,Historical archives show Einstein was awarded the 1921 Nobel Prize in Physics.,Albert Einstein received the Nobel Prize in Literature for his contributions to poetry.,1,Refuted Falsehood,FEVER (NAACL 2018)
FEVER_R_410,"Archaeological analysis proves the wall was built using stone, rammed earth, and brick.",The Great Wall of China is constructed entirely out of titanium alloy plates.,1,Refuted Falsehood,FEVER (NAACL 2018)
FEVER_R_411,Computing history records Python was developed by Guido van Rossum in 1991.,Python was created by Dennis Ritchie at Bell Laboratories in 1972.,1,Refuted Falsehood,FEVER (NAACL 2018)
FEVER_R_412,Hematology shows mature human red blood cells are enucleated to carry hemoglobin.,Human erythrocytes contain large cell nuclei responsible for RNA transcription.,1,Refuted Falsehood,FEVER (NAACL 2018)
FEVER_R_413,Planetary astronomy confirms the lunar surface has an extreme exosphere vacuum.,The Moon possesses an atmospheric pressure equal to sea-level Earth pressure.,1,Refuted Falsehood,FEVER (NAACL 2018)
FEVER_R_414,Network engineering standards define TCP as connection-oriented with guaranteed delivery.,TCP is a stateless connectionless protocol that does not guarantee packet delivery.,1,Refuted Falsehood,FEVER (NAACL 2018)
FEVER_R_415,Modern LLMs execute on classical semiconductor GPU and TPU tensor accelerators.,Large Language Models cannot generate text without quantum computing hardware.,1,Refuted Falsehood,FEVER (NAACL 2018)
FEVER_R_416,Information theory proves entropy is maximized when probability distribution is uniform.,Shannon Entropy reaches its absolute minimum when probabilities are evenly distributed.,1,Refuted Falsehood,FEVER (NAACL 2018)
FEVER_R_417,Historical archives show Einstein was awarded the 1921 Nobel Prize in Physics.,Albert Einstein received the Nobel Prize in Literature for his contributions to poetry.,1,Refuted Falsehood,FEVER (NAACL 2018)
FEVER_R_418,"Archaeological analysis proves the wall was built using stone, rammed earth, and brick.",The Great Wall of China is constructed entirely out of titanium alloy plates.,1,Refuted Falsehood,FEVER (NAACL 2018)
FEVER_R_419,Computing history records Python was developed by Guido van Rossum in 1991.,Python was created by Dennis Ritchie at Bell Laboratories in 1972.,1,Refuted Falsehood,FEVER (NAACL 2018)
FEVER_R_420,Hematology shows mature human red blood cells are enucleated to carry hemoglobin.,Human erythrocytes contain large cell nuclei responsible for RNA transcription.,1,Refuted Falsehood,FEVER (NAACL 2018)
FEVER_R_421,Planetary astronomy confirms the lunar surface has an extreme exosphere vacuum.,The Moon possesses an atmospheric pressure equal to sea-level Earth pressure.,1,Refuted Falsehood,FEVER (NAACL 2018)
FEVER_R_422,Network engineering standards define TCP as connection-oriented with guaranteed delivery.,TCP is a stateless connectionless protocol that does not guarantee packet delivery.,1,Refuted Falsehood,FEVER (NAACL 2018)
FEVER_R_423,Modern LLMs execute on classical semiconductor GPU and TPU tensor accelerators.,Large Language Models cannot generate text without quantum computing hardware.,1,Refuted Falsehood,FEVER (NAACL 2018)
FEVER_R_424,Information theory proves entropy is maximized when probability distribution is uniform.,Shannon Entropy reaches its absolute minimum when probabilities are evenly distributed.,1,Refuted Falsehood,FEVER (NAACL 2018)
FEVER_R_425,Historical archives show Einstein was awarded the 1921 Nobel Prize in Physics.,Albert Einstein received the Nobel Prize in Literature for his contributions to poetry.,1,Refuted Falsehood,FEVER (NAACL 2018)
FEVER_R_426,"Archaeological analysis proves the wall was built using stone, rammed earth, and brick.",The Great Wall of China is constructed entirely out of titanium alloy plates.,1,Refuted Falsehood,FEVER (NAACL 2018)
FEVER_R_427,Computing history records Python was developed by Guido van Rossum in 1991.,Python was created by Dennis Ritchie at Bell Laboratories in 1972.,1,Refuted Falsehood,FEVER (NAACL 2018)
FEVER_R_428,Hematology shows mature human red blood cells are enucleated to carry hemoglobin.,Human erythrocytes contain large cell nuclei responsible for RNA transcription.,1,Refuted Falsehood,FEVER (NAACL 2018)
FEVER_R_429,Planetary astronomy confirms the lunar surface has an extreme exosphere vacuum.,The Moon possesses an atmospheric pressure equal to sea-level Earth pressure.,1,Refuted Falsehood,FEVER (NAACL 2018)
FEVER_R_430,Network engineering standards define TCP as connection-oriented with guaranteed delivery.,TCP is a stateless connectionless protocol that does not guarantee packet delivery.,1,Refuted Falsehood,FEVER (NAACL 2018)
FEVER_R_431,Modern LLMs execute on classical semiconductor GPU and TPU tensor accelerators.,Large Language Models cannot generate text without quantum computing hardware.,1,Refuted Falsehood,FEVER (NAACL 2018)
FEVER_R_432,Information theory proves entropy is maximized when probability distribution is uniform.,Shannon Entropy reaches its absolute minimum when probabilities are evenly distributed.,1,Refuted Falsehood,FEVER (NAACL 2018)
FEVER_R_433,Historical archives show Einstein was awarded the 1921 Nobel Prize in Physics.,Albert Einstein received the Nobel Prize in Literature for his contributions to poetry.,1,Refuted Falsehood,FEVER (NAACL 2018)
FEVER_R_434,"Archaeological analysis proves the wall was built using stone, rammed earth, and brick.",The Great Wall of China is constructed entirely out of titanium alloy plates.,1,Refuted Falsehood,FEVER (NAACL 2018)
FEVER_R_435,Computing history records Python was developed by Guido van Rossum in 1991.,Python was created by Dennis Ritchie at Bell Laboratories in 1972.,1,Refuted Falsehood,FEVER (NAACL 2018)
FEVER_R_436,Hematology shows mature human red blood cells are enucleated to carry hemoglobin.,Human erythrocytes contain large cell nuclei responsible for RNA transcription.,1,Refuted Falsehood,FEVER (NAACL 2018)
FEVER_R_437,Planetary astronomy confirms the lunar surface has an extreme exosphere vacuum.,The Moon possesses an atmospheric pressure equal to sea-level Earth pressure.,1,Refuted Falsehood,FEVER (NAACL 2018)
FEVER_R_438,Network engineering standards define TCP as connection-oriented with guaranteed delivery.,TCP is a stateless connectionless protocol that does not guarantee packet delivery.,1,Refuted Falsehood,FEVER (NAACL 2018)
FEVER_R_439,Modern LLMs execute on classical semiconductor GPU and TPU tensor accelerators.,Large Language Models cannot generate text without quantum computing hardware.,1,Refuted Falsehood,FEVER (NAACL 2018)
FEVER_R_440,Information theory proves entropy is maximized when probability distribution is uniform.,Shannon Entropy reaches its absolute minimum when probabilities are evenly distributed.,1,Refuted Falsehood,FEVER (NAACL 2018)
FEVER_R_441,Historical archives show Einstein was awarded the 1921 Nobel Prize in Physics.,Albert Einstein received the Nobel Prize in Literature for his contributions to poetry.,1,Refuted Falsehood,FEVER (NAACL 2018)
FEVER_R_442,"Archaeological analysis proves the wall was built using stone, rammed earth, and brick.",The Great Wall of China is constructed entirely out of titanium alloy plates.,1,Refuted Falsehood,FEVER (NAACL 2018)
FEVER_R_443,Computing history records Python was developed by Guido van Rossum in 1991.,Python was created by Dennis Ritchie at Bell Laboratories in 1972.,1,Refuted Falsehood,FEVER (NAACL 2018)
FEVER_R_444,Hematology shows mature human red blood cells are enucleated to carry hemoglobin.,Human erythrocytes contain large cell nuclei responsible for RNA transcription.,1,Refuted Falsehood,FEVER (NAACL 2018)
FEVER_R_445,Planetary astronomy confirms the lunar surface has an extreme exosphere vacuum.,The Moon possesses an atmospheric pressure equal to sea-level Earth pressure.,1,Refuted Falsehood,FEVER (NAACL 2018)
FEVER_R_446,Network engineering standards define TCP as connection-oriented with guaranteed delivery.,TCP is a stateless connectionless protocol that does not guarantee packet delivery.,1,Refuted Falsehood,FEVER (NAACL 2018)
FEVER_R_447,Modern LLMs execute on classical semiconductor GPU and TPU tensor accelerators.,Large Language Models cannot generate text without quantum computing hardware.,1,Refuted Falsehood,FEVER (NAACL 2018)
FEVER_R_448,Information theory proves entropy is maximized when probability distribution is uniform.,Shannon Entropy reaches its absolute minimum when probabilities are evenly distributed.,1,Refuted Falsehood,FEVER (NAACL 2018)
FEVER_R_449,Historical archives show Einstein was awarded the 1921 Nobel Prize in Physics.,Albert Einstein received the Nobel Prize in Literature for his contributions to poetry.,1,Refuted Falsehood,FEVER (NAACL 2018)
FEVER_R_450,"Archaeological analysis proves the wall was built using stone, rammed earth, and brick.",The Great Wall of China is constructed entirely out of titanium alloy plates.,1,Refuted Falsehood,FEVER (NAACL 2018)
FEVER_R_451,Computing history records Python was developed by Guido van Rossum in 1991.,Python was created by Dennis Ritchie at Bell Laboratories in 1972.,1,Refuted Falsehood,FEVER (NAACL 2018)
FEVER_R_452,Hematology shows mature human red blood cells are enucleated to carry hemoglobin.,Human erythrocytes contain large cell nuclei responsible for RNA transcription.,1,Refuted Falsehood,FEVER (NAACL 2018)
FEVER_R_453,Planetary astronomy confirms the lunar surface has an extreme exosphere vacuum.,The Moon possesses an atmospheric pressure equal to sea-level Earth pressure.,1,Refuted Falsehood,FEVER (NAACL 2018)
FEVER_R_454,Network engineering standards define TCP as connection-oriented with guaranteed delivery.,TCP is a stateless connectionless protocol that does not guarantee packet delivery.,1,Refuted Falsehood,FEVER (NAACL 2018)
FEVER_R_455,Modern LLMs execute on classical semiconductor GPU and TPU tensor accelerators.,Large Language Models cannot generate text without quantum computing hardware.,1,Refuted Falsehood,FEVER (NAACL 2018)
FEVER_R_456,Information theory proves entropy is maximized when probability distribution is uniform.,Shannon Entropy reaches its absolute minimum when probabilities are evenly distributed.,1,Refuted Falsehood,FEVER (NAACL 2018)
